unsigned char slot_machine_bg_data[38402] =
{
    0xa0,0xf0,0x03,0x03,0x03,0x03,0x03,0x03,0x03,0x03,0x03,0x03,0x03,0x03,0x03,0x03,0x03,0x03,0x03,0x03,0x03,0x03,0x03,0x03,0x03,0x03,0x03,0x03,0x03,0x03,0x03,0x03,
    0x03,0x03,0x03,0x03,0x03,0x03,0x03,0x03,0x03,0x03,0x03,0x03,0x03,0x03,0x03,0x03,0x03,0x03,0x03,0x03,0x03,0x03,0x03,0x03,0x03,0x03,0x03,0x03,0x03,0x03,0x03,0x03,
    0x03,0x03,0x03,0x03,0x03,0x03,0x03,0x03,0x03,0x03,0x03,0x03,0x03,0x03,0x03,0x03,0x03,0x03,0x03,0x03,0x03,0x03,0x03,0x03,0x03,0x03,0x03,0x03,0x03,0x03,0x03,0x03,
    0x03,0x03,0x03,0x03,0x03,0x03,0x03,0x03,0x03,0x03,0x03,0x03,0x03,0x03,0x03,0x03,0x03,0x03,0x03,0x03,0x03,0x03,0x03,0x03,0x03,0x03,0x03,0x03,0x03,0x03,0x03,0x03,
    0x03,0x03,0x03,0x03,0x03,0x03,0x03,0x03,0x03,0x03,0x03,0x03,0x03,0x03,0x03,0x03,0x03,0x03,0x03,0x03,0x03,0x03,0x03,0x03,0x03,0x03,0x03,0x03,0x03,0x03,0x03,0x03,
    0x03,0x03,0x03,0x9d,0x9d,0x9d,0x9d,0x9d,0x9d,0x9d,0x9d,0x9d,0x9d,0x9d,0x9d,0x9d,0x9d,0x9d,0x9d,0x9d,0x9d,0x9d,0x9d,0x9d,0x9d,0x9d,0x9d,0x9d,0x9d,0x9d,0x9d,0x9d,
    0x9d,0x9d,0x9d,0x9d,0x9d,0x9d,0x9d,0x9d,0x9d,0x9d,0x9d,0x9d,0x9d,0x9d,0x9d,0x9d,0x9d,0x9d,0x9d,0x9d,0x9d,0x9d,0x9d,0x9d,0x9d,0x9d,0x9d,0x9d,0x9d,0x9d,0x9d,0x9d,
    0x9d,0x9d,0x9d,0x9d,0x9d,0x9d,0x9d,0x9d,0x9d,0x9d,0x9d,0x9d,0x9d,0x9d,0x9d,0x9d,0x9d,0x9d,0x9d,0x9d,0x9d,0x9d,0x9d,0x9d,0x9d,0x9d,0x9d,0x9d,0x9d,0x9d,0x9d,0x9d,
    0x9d,0x9d,0x9d,0x9d,0x9d,0x9d,0x9d,0x9d,0x9d,0x9d,0x9d,0x9d,0x9d,0x9d,0x9d,0x9d,0x9d,0x9d,0x9d,0x9d,0x9d,0x9d,0x9d,0x9d,0x9d,0x9d,0x9d,0x9d,0x9d,0x9d,0x9d,0x9d,
    0x9d,0x9d,0x9d,0x9d,0x9d,0x9d,0x9d,0x9d,0x9d,0x9d,0x9d,0x9d,0x9d,0x9d,0x9d,0x9d,0x9d,0x9d,0x9d,0x9d,0x9d,0x9d,0x9d,0x9d,0x9d,0x9d,0x9d,0x9d,0x9d,0x9d,0x9d,0x9d,
    0x9d,0x03,0x03,0x9d,0x9d,0x9d,0x9d,0x9d,0x9d,0x9d,0x9d,0x9d,0x9d,0x9d,0x9d,0x9d,0x9d,0x9d,0x9d,0x9d,0x9d,0x9d,0x9d,0x9d,0x9d,0x9d,0x9d,0x9d,0x9d,0x9d,0x9d,0x9d,
    0x9d,0x9d,0x9d,0x9d,0x9d,0x9d,0x9d,0x9d,0x9d,0x9d,0x9d,0x9d,0x9d,0x9d,0x9d,0x9d,0x9d,0x9d,0x9d,0x9d,0x9d,0x9d,0x9d,0x9d,0x9d,0x9d,0x9d,0x9d,0x9d,0x9d,0x9d,0x9d,
    0x9d,0x9d,0x9d,0x9d,0x9d,0x9d,0x9d,0x9d,0x9d,0x9d,0x9d,0x9d,0x9d,0x9d,0x9d,0x9d,0x9d,0x9d,0x9d,0x9d,0x9d,0x9d,0x9d,0x9d,0x9d,0x9d,0x9d,0x9d,0x9d,0x9d,0x9d,0x9d,
    0x9d,0x9d,0x9d,0x9d,0x9d,0x9d,0x9d,0x9d,0x9d,0x9d,0x9d,0x9d,0x9d,0x9d,0x9d,0x9d,0x9d,0x9d,0x9d,0x9d,0x9d,0x9d,0x9d,0x9d,0x9d,0x9d,0x9d,0x9d,0x9d,0x9d,0x9d,0x9d,
    0x9d,0x9d,0x9d,0x9d,0x9d,0x9d,0x9d,0x9d,0x9d,0x9d,0x9d,0x9d,0x9d,0x9d,0x9d,0x9d,0x9d,0x9d,0x9d,0x9d,0x9d,0x9d,0x9d,0x9d,0x9d,0x9d,0x9d,0x9d,0x9d,0x9d,0x9d,0x9d,
    0x50,0x03,0x03,0x9d,0x9d,0x9d,0x9d,0x9d,0x9d,0x9d,0x9d,0x9d,0x9d,0x9d,0x9d,0x9d,0x9d,0x9d,0x9d,0x9d,0x9d,0x9d,0x9d,0x9d,0x9d,0x9d,0x9d,0x9d,0x9d,0x9d,0x9d,0x9d,
    0x9d,0x9d,0x9d,0x9d,0x9d,0x9d,0x9d,0x9d,0x9d,0x9d,0x9d,0x9d,0x9d,0x9d,0x9d,0x9d,0x9d,0x9d,0x9d,0x9d,0x9d,0x9d,0x9d,0x9d,0x9d,0x9d,0x9d,0x9d,0x9d,0x9d,0x9d,0x9d,
    0x9d,0x9d,0x9d,0x9d,0x9d,0x9d,0x9d,0x9d,0x9d,0x9d,0x9d,0x9d,0x9d,0x9d,0x9d,0x9d,0x9d,0x9d,0x9d,0x9d,0x9d,0x9d,0x9d,0x9d,0x9d,0x9d,0x9d,0x9d,0x9d,0x9d,0x9d,0x9d,
    0x9d,0x9d,0x9d,0x9d,0x9d,0x9d,0x9d,0x9d,0x9d,0x9d,0x9d,0x9d,0x9d,0x9d,0x9d,0x9d,0x9d,0x9d,0x9d,0x9d,0x9d,0x9d,0x9d,0x9d,0x9d,0x9d,0x9d,0x9d,0x9d,0x9d,0x9d,0x9d,
    0x9d,0x9d,0x9d,0x9d,0x9d,0x9d,0x9d,0x9d,0x9d,0x9d,0x9d,0x9d,0x9d,0x9d,0x9d,0x9d,0x9d,0x9d,0x9d,0x9d,0x9d,0x9d,0x9d,0x9d,0x9d,0x9d,0x9d,0x9d,0x9d,0x9d,0x9d,0x50,
    0x50,0x03,0x03,0x9d,0x9d,0x9d,0x9d,0x9d,0x9d,0x9d,0x9d,0x9d,0x9d,0x9d,0x9d,0x9d,0x9d,0x9d,0x9d,0x9d,0x9d,0x9d,0x9d,0x9d,0x9d,0x9d,0x9d,0x9d,0x9d,0x9d,0x9d,0x9d,
    0x9d,0x9d,0x9d,0x9d,0x9d,0x9d,0x9d,0x9d,0x9d,0x9d,0x9d,0x9d,0x9d,0x9d,0x9d,0x9d,0x9d,0x9d,0x9d,0x9d,0x9d,0x9d,0x9d,0x9d,0x9d,0x9d,0x9d,0x9d,0x9d,0x9d,0x9d,0x9d,
    0x9d,0x9d,0x9d,0x9d,0x9d,0x9d,0x9d,0x9d,0x9d,0x9d,0x9d,0x9d,0x9d,0x9d,0x9d,0x9d,0x9d,0x9d,0x9d,0x9d,0x9d,0x9d,0x9d,0x9d,0x9d,0x9d,0x9d,0x9d,0x9d,0x9d,0x9d,0x9d,
    0x9d,0x9d,0x9d,0x9d,0x9d,0x9d,0x9d,0x9d,0x9d,0x9d,0x9d,0x9d,0x9d,0x9d,0x9d,0x9d,0x9d,0x9d,0x9d,0x9d,0x9d,0x9d,0x9d,0x9d,0x9d,0x9d,0x9d,0x9d,0x9d,0x9d,0x9d,0x9d,
    0x9d,0x9d,0x9d,0x9d,0x9d,0x9d,0x9d,0x9d,0x9d,0x9d,0x9d,0x9d,0x9d,0x9d,0x9d,0x9d,0x9d,0x9d,0x9d,0x9d,0x9d,0x9d,0x9d,0x9d,0x9d,0x9d,0x9d,0x9d,0x9d,0x9d,0x50,0x50,
    0x50,0x03,0x03,0x9d,0x9d,0x9d,0x72,0x72,0x72,0x72,0x72,0x72,0x72,0x72,0x72,0x72,0x72,0x72,0x72,0x72,0x72,0x72,0x72,0x72,0x72,0x72,0x72,0x72,0x72,0x72,0x72,0x72,
    0x72,0x72,0x72,0x72,0x72,0x72,0x72,0x72,0x72,0x72,0x72,0x72,0x72,0x72,0x72,0x72,0x72,0x72,0x72,0x72,0x72,0x72,0x72,0x72,0x72,0x72,0x72,0x72,0x72,0x72,0x72,0x72,
    0x72,0x72,0x72,0x72,0x72,0x72,0x72,0x72,0x72,0x72,0x72,0x72,0x72,0x72,0x72,0x72,0x72,0x72,0x72,0x72,0x72,0x72,0x72,0x72,0x72,0x72,0x72,0x72,0x72,0x72,0x72,0x72,
    0x72,0x72,0x72,0x72,0x72,0x72,0x72,0x72,0x72,0x72,0x72,0x72,0x72,0x72,0x72,0x72,0x72,0x72,0x72,0x72,0x72,0x72,0x72,0x72,0x72,0x72,0x72,0x72,0x72,0x72,0x72,0x72,
    0x72,0x72,0x72,0x72,0x72,0x72,0x72,0x72,0x72,0x72,0x72,0x72,0x72,0x72,0x72,0x72,0x72,0x72,0x72,0x72,0x72,0x72,0x72,0x72,0x72,0x72,0x72,0x72,0x72,0x50,0x50,0x50,
    0x50,0x03,0x03,0x9d,0x9d,0x9d,0x72,0x72,0x72,0x72,0x72,0x72,0x72,0x72,0x72,0x72,0x72,0x72,0x72,0x72,0x72,0x72,0x72,0x72,0x72,0x72,0x72,0x72,0x72,0x72,0x72,0x72,
    0x72,0x72,0x72,0x72,0x72,0x72,0x72,0x72,0x72,0x72,0x72,0x72,0x72,0x72,0x72,0x72,0x72,0x72,0x72,0x72,0x72,0x72,0x72,0x72,0x72,0x72,0x72,0x72,0x72,0x72,0x72,0x72,
    0x72,0x72,0x72,0x72,0x72,0x72,0x72,0x72,0x72,0x72,0x72,0x72,0x72,0x72,0x72,0x72,0x72,0x72,0x72,0x72,0x72,0x72,0x72,0x72,0x72,0x72,0x72,0x72,0x72,0x72,0x72,0x72,
    0x72,0x72,0x72,0x72,0x72,0x72,0x72,0x72,0x72,0x72,0x72,0x72,0x72,0x72,0x72,0x72,0x72,0x72,0x72,0x72,0x72,0x72,0x72,0x72,0x72,0x72,0x72,0x72,0x72,0x72,0x72,0x72,
    0x72,0x72,0x72,0x72,0x72,0x72,0x72,0x72,0x72,0x72,0x72,0x72,0x72,0x72,0x72,0x72,0x72,0x72,0x72,0x72,0x72,0x72,0x72,0x72,0x72,0x72,0x72,0x72,0x72,0x50,0x50,0x50,
    0x50,0x03,0x03,0x9d,0x9d,0x9d,0x72,0x72,0x72,0x72,0x72,0x72,0x72,0x72,0x72,0x72,0x72,0x72,0x72,0x72,0x72,0x72,0x72,0x72,0x72,0x72,0x72,0x72,0x72,0x72,0x72,0x72,
    0x72,0x72,0x72,0x72,0x72,0x72,0x72,0x72,0x72,0x72,0x72,0x72,0x72,0x72,0x72,0x72,0x72,0x72,0x72,0x72,0x72,0x72,0x72,0x72,0x72,0x72,0x72,0x72,0x72,0x72,0x72,0x72,
    0x72,0x72,0x72,0x72,0x72,0x72,0x72,0x72,0x72,0x72,0x72,0x72,0x72,0x72,0x72,0x72,0x72,0x72,0x72,0x72,0x72,0x72,0x72,0x72,0x72,0x72,0x72,0x72,0x72,0x72,0x72,0x72,
    0x72,0x72,0x72,0x72,0x72,0x72,0x72,0x72,0x72,0x72,0x72,0x72,0x72,0x72,0x72,0x72,0x72,0x72,0x72,0x72,0x72,0x72,0x72,0x72,0x72,0x72,0x72,0x72,0x72,0x72,0x72,0x72,
    0x72,0x72,0x72,0x72,0x72,0x72,0x72,0x72,0x72,0x72,0x72,0x72,0x72,0x72,0x72,0x72,0x72,0x72,0x72,0x72,0x72,0x72,0x72,0x72,0x72,0x72,0x72,0x72,0x72,0x50,0x50,0x50,
    0x50,0x03,0x03,0x9d,0x9d,0x9d,0x72,0x72,0x72,0x72,0x72,0x72,0x72,0x72,0x72,0x72,0x72,0x72,0x72,0x72,0x72,0x72,0x72,0x72,0x72,0x72,0x72,0x72,0x72,0x72,0x72,0x72,
    0x72,0x72,0x72,0x72,0x72,0x72,0x72,0x72,0x72,0x72,0x72,0x72,0x72,0x72,0x72,0x72,0x72,0x72,0x72,0x72,0x72,0x72,0x72,0x72,0x72,0x72,0x72,0x72,0x72,0x72,0x72,0x72,
    0x72,0x72,0x72,0x72,0x72,0x72,0x72,0x72,0x72,0x72,0x72,0x72,0x72,0x72,0x72,0x72,0x72,0x72,0x72,0x72,0x72,0x72,0x72,0x72,0x72,0x72,0x72,0x72,0x72,0x72,0x72,0x72,
    0x72,0x72,0x72,0x72,0x72,0x72,0x72,0x72,0x72,0x72,0x72,0x72,0x72,0x72,0x72,0x72,0x72,0x72,0x72,0x72,0x72,0x72,0x72,0x72,0x72,0x72,0x72,0x72,0x72,0x72,0x72,0x72,
    0x72,0x72,0x72,0x72,0x72,0x72,0x72,0x72,0x72,0x72,0x72,0x72,0x72,0x72,0x72,0x72,0x72,0x72,0x72,0x72,0x72,0x72,0x72,0x72,0x72,0x72,0x72,0x72,0x72,0x50,0x50,0x50,
    0x50,0x03,0x03,0x9d,0x9d,0x9d,0x72,0x72,0x72,0x72,0x72,0x72,0x72,0x72,0x72,0x72,0x72,0x72,0x72,0x72,0x72,0x72,0x72,0x72,0x72,0x72,0x72,0x72,0x72,0x72,0x72,0x72,
    0x72,0x72,0x72,0x72,0x72,0x72,0x72,0x72,0x72,0x72,0x72,0x72,0x72,0x72,0x72,0x72,0x72,0x72,0x72,0x72,0x72,0x72,0x72,0x72,0x72,0x72,0x72,0x72,0x72,0x72,0x72,0x72,
    0x72,0x72,0x72,0x72,0x72,0x72,0x72,0x72,0x72,0x72,0x72,0x72,0x72,0x72,0x72,0x72,0x72,0x72,0x72,0x72,0x72,0x72,0x72,0x72,0x72,0x72,0x72,0x72,0x72,0x72,0x72,0x72,
    0x72,0x72,0x72,0x72,0x72,0x72,0x72,0x72,0x72,0x72,0x72,0x72,0x72,0x72,0x72,0x72,0x72,0x72,0x72,0x72,0x72,0x72,0x72,0x72,0x72,0x72,0x72,0x72,0x72,0x72,0x72,0x72,
    0x72,0x72,0x72,0x72,0x72,0x72,0x72,0x72,0x72,0x72,0x72,0x72,0x72,0x72,0x72,0x72,0x72,0x72,0x72,0x72,0x72,0x72,0x72,0x72,0x72,0x72,0x72,0x72,0x72,0x50,0x50,0x50,
    0x50,0x03,0x03,0x9d,0x9d,0x9d,0x72,0x72,0x72,0x72,0x72,0x72,0x72,0x72,0x72,0x72,0x72,0x72,0x03,0x03,0x03,0x03,0x03,0x03,0x03,0x72,0x72,0x72,0x72,0x72,0x72,0x72,
    0x72,0x72,0x72,0x72,0x72,0x72,0x72,0x72,0x72,0x72,0x72,0x72,0x72,0x72,0x72,0x72,0x72,0x72,0x72,0x72,0x72,0x72,0x72,0x72,0x72,0x72,0x72,0x72,0x72,0x72,0x72,0x72,
    0x72,0x72,0x72,0x72,0x72,0x72,0x72,0x72,0x72,0x72,0x72,0x72,0x72,0x72,0x72,0x72,0x72,0x72,0x72,0x72,0x72,0x72,0x72,0x72,0x72,0x72,0x72,0x72,0x72,0x72,0x72,0x72,
    0x72,0x03,0x03,0x03,0x03,0x03,0x03,0x03,0x72,0x72,0x72,0x72,0x03,0x03,0x03,0x03,0x03,0x03,0x72,0x72,0x72,0x72,0x72,0x72,0x72,0x72,0x72,0x72,0x72,0x72,0x72,0x72,
    0x72,0x72,0x72,0x72,0x72,0x72,0x72,0x72,0x72,0x72,0x72,0x72,0x72,0x72,0x72,0x72,0x72,0x72,0x72,0x72,0x72,0x72,0x72,0x72,0x72,0x72,0x72,0x72,0x72,0x50,0x50,0x50,
    0x50,0x03,0x03,0x9d,0x9d,0x9d,0x72,0x72,0x72,0x72,0x72,0x72,0x72,0x72,0x72,0x72,0x72,0x03,0x2b,0x56,0x65,0x75,0x75,0x65,0x59,0x03,0x03,0x72,0x72,0x72,0x72,0x72,
    0x72,0x72,0x72,0x72,0x72,0x72,0x72,0x72,0x72,0x72,0x72,0x72,0x72,0x72,0x72,0x72,0x72,0x72,0x72,0x72,0x72,0x72,0x72,0x72,0x72,0x72,0x72,0x72,0x72,0x72,0x72,0x72,
    0x72,0x72,0x72,0x72,0x72,0x72,0x72,0x72,0x72,0x72,0x72,0x72,0x72,0x72,0x72,0x72,0x72,0x72,0x72,0x72,0x72,0x72,0x72,0x72,0x72,0x72,0x72,0x72,0x72,0x72,0x72,0x72,
    0x03,0x61,0x5c,0x5d,0x5d,0x5d,0x5d,0x4c,0x03,0x03,0x72,0x03,0x03,0x45,0x53,0x56,0x4e,0x03,0x72,0x72,0x72,0x72,0x72,0x72,0x72,0x72,0x72,0x72,0x72,0x72,0x72,0x72,
    0x72,0x72,0x72,0x72,0x72,0x72,0x0c,0x72,0x72,0x72,0x72,0x72,0x72,0x72,0x72,0x72,0x72,0x72,0x72,0x72,0x72,0x72,0x72,0x72,0x72,0x72,0x72,0x72,0x72,0x50,0x50,0x50,
    0x50,0x03,0x03,0x9d,0x9d,0x9d,0x72,0x72,0x72,0x72,0x72,0x72,0x72,0x72,0x72,0x72,0x72,0x03,0x78,0x85,0x8f,0x9f,0x85,0x9f,0x85,0x6f,0x2f,0x03,0x72,0x72,0x72,0x72,
    0x72,0x72,0x72,0x72,0x72,0x72,0x72,0x72,0x72,0x72,0x72,0x72,0x72,0x72,0x72,0x72,0x72,0x72,0x72,0x72,0x72,0x72,0x72,0x72,0x72,0x72,0x72,0x72,0x72,0x72,0x72,0x72,
    0x72,0x72,0x72,0x72,0x72,0x72,0x72,0x72,0x72,0x72,0x72,0x72,0x72,0x72,0x72,0x72,0x72,0x72,0x72,0x72,0x72,0x72,0x72,0x72,0x72,0x72,0x72,0x72,0x72,0x72,0x72,0x03,
    0x03,0x9f,0x90,0xa2,0x90,0xa2,0x93,0x6e,0x65,0x03,0x03,0x03,0x03,0xa8,0xa6,0xb7,0xa1,0x03,0x72,0x72,0x72,0x72,0x72,0x72,0x72,0x72,0x72,0x72,0x72,0x72,0x72,0x72,
    0x72,0x72,0x72,0x72,0x03,0x07,0x07,0x72,0x72,0x72,0x72,0x72,0x72,0x72,0x72,0x72,0x72,0x72,0x72,0x72,0x72,0x72,0x72,0x72,0x72,0x72,0x72,0x72,0x72,0x50,0x50,0x50,
    0x50,0x03,0x03,0x9d,0x9d,0x9d,0x72,0x72,0x72,0x72,0x72,0x72,0x72,0x72,0x72,0x03,0x03,0xb7,0x99,0xbd,0xab,0xa2,0xa2,0xa2,0xbc,0xad,0xa7,0x03,0x72,0x72,0x72,0x72,
    0x72,0x72,0x72,0x72,0x72,0x72,0x72,0x72,0x72,0x72,0x72,0x72,0x72,0x72,0x72,0x72,0x72,0x72,0x72,0x72,0x72,0x72,0x72,0x72,0x72,0x72,0x72,0x72,0x72,0x72,0x72,0x72,
    0x72,0x72,0x72,0x72,0x72,0x72,0x72,0x72,0x72,0x72,0x72,0x72,0x72,0x72,0x72,0x72,0x72,0x72,0x72,0x72,0x72,0x72,0x72,0x72,0x72,0x72,0x72,0x72,0x72,0x72,0x03,0x56,
    0x95,0xad,0xb3,0x8a,0x85,0x9f,0xa7,0xb3,0xb8,0x90,0x03,0x72,0x03,0x03,0xc1,0xc2,0xb3,0x03,0x72,0x72,0x72,0x72,0x72,0x72,0x72,0x72,0x72,0x72,0x72,0x72,0x72,0x72,
    0x72,0x72,0x03,0x03,0x03,0x6e,0x03,0x72,0x72,0x72,0x72,0x72,0x72,0x72,0x72,0x72,0x72,0x72,0x72,0x72,0x72,0x72,0x72,0x72,0x72,0x72,0x72,0x72,0x72,0x50,0x50,0x50,
    0x50,0x03,0x03,0x9d,0x9d,0x9d,0x72,0x72,0x72,0x72,0x72,0x72,0x72,0x72,0x72,0x03,0x2f,0x96,0x9a,0xc1,0xa9,0x03,0x03,0x03,0x98,0xbd,0x95,0x03,0x72,0x72,0x72,0x72,
    0x72,0x72,0x72,0x72,0x72,0x72,0x72,0x72,0x72,0x72,0x72,0x72,0x72,0x72,0x72,0x72,0x72,0x72,0x72,0x72,0x72,0x72,0x72,0x72,0x72,0x72,0x72,0x72,0x72,0x72,0x72,0x72,
    0x72,0x72,0x72,0x72,0x72,0x72,0x72,0x72,0x72,0x72,0x72,0x72,0x72,0x72,0x72,0x72,0x72,0x72,0x72,0x72,0x72,0x72,0x72,0x72,0x72,0x72,0x72,0x72,0x72,0x72,0x03,0x77,
    0xac,0xba,0x9a,0x5d,0x03,0x03,0x82,0xad,0xbc,0x8a,0x03,0x72,0x72,0x03,0xba,0xc2,0xbd,0x03,0x72,0x72,0x72,0x72,0x72,0x72,0x72,0x72,0x72,0x72,0x72,0x72,0x72,0x72,
    0x72,0x72,0x03,0x96,0xa9,0x93,0x03,0x72,0x72,0x72,0x72,0x72,0x72,0x72,0x72,0x72,0x72,0x72,0x72,0x72,0x72,0x72,0x72,0x72,0x72,0x72,0x72,0x72,0x72,0x50,0x50,0x50,
    0x50,0x03,0x03,0x9d,0x9d,0x9d,0x72,0x72,0x72,0x72,0x72,0x72,0x72,0x72,0x72,0x03,0x30,0x96,0xc1,0xba,0x78,0x03,0x03,0x03,0x93,0xac,0x96,0x03,0x72,0x03,0x03,0x03,
    0x03,0x03,0x03,0x03,0x03,0x03,0x03,0x03,0x03,0x03,0x03,0x72,0x03,0x03,0x03,0x03,0x03,0x03,0x03,0x03,0x03,0x03,0x03,0x72,0x72,0x72,0x72,0x72,0x72,0x72,0x03,0x03,
    0x03,0x03,0x03,0x03,0x72,0x72,0x72,0x72,0x03,0x03,0x03,0x03,0x03,0x03,0x03,0x72,0x03,0x03,0x03,0x72,0x72,0x72,0x72,0x72,0x72,0x72,0x72,0x72,0x72,0x72,0x03,0x77,
    0xae,0xbd,0xba,0x61,0x03,0x03,0x2b,0xaa,0x9c,0xae,0x03,0x72,0x72,0x03,0xb0,0x98,0xac,0x03,0x72,0x72,0x72,0x72,0x72,0x03,0x03,0x03,0x03,0x03,0x03,0x72,0x72,0x72,
    0x72,0x05,0x03,0xb9,0xbc,0xaa,0x03,0x72,0x72,0x72,0x72,0x72,0x03,0x03,0x03,0x03,0x03,0x03,0x03,0x03,0x72,0x72,0x72,0x72,0x72,0x72,0x72,0x72,0x72,0x50,0x50,0x50,
    0x50,0x03,0x03,0x9d,0x9d,0x9d,0x72,0x72,0x72,0x72,0x72,0x72,0x72,0x72,0x72,0x03,0x1e,0x93,0xa2,0xa2,0x03,0x72,0x72,0x03,0x03,0x03,0x03,0x03,0x72,0x03,0x62,0x6f,
    0x6f,0x62,0x5b,0x03,0x03,0x5d,0x67,0x70,0x7b,0x91,0x03,0x72,0x03,0x60,0x62,0x62,0x60,0x03,0x03,0x5b,0x60,0x6e,0x6d,0x03,0x72,0x72,0x72,0x72,0x72,0x03,0x4e,0x67,
    0x6f,0x7a,0x7b,0xab,0x03,0x72,0x72,0x72,0x03,0x67,0x67,0x79,0x79,0x86,0x33,0x03,0x55,0x7e,0x86,0x03,0x72,0x72,0x72,0x72,0x72,0x72,0x72,0x72,0x72,0x72,0x03,0x77,
    0x90,0x90,0xa2,0x78,0x4d,0x21,0x03,0x03,0x03,0x03,0x03,0x72,0x72,0x03,0x85,0xb5,0x91,0x03,0x72,0x72,0x72,0x72,0x03,0x63,0x67,0x79,0x7a,0x7a,0x7a,0x03,0x72,0x72,
    0x07,0x79,0x5d,0x9a,0xbe,0xaf,0x89,0x03,0x03,0x03,0x72,0x03,0x5d,0x67,0x67,0x68,0x70,0x03,0x41,0x45,0x03,0x72,0x72,0x72,0x72,0x72,0x72,0x72,0x72,0x50,0x50,0x50,
    0x50,0x03,0x03,0x9d,0x9d,0x9d,0x72,0x72,0x72,0x72,0x72,0x72,0x72,0x72,0x72,0x03,0x03,0x7e,0x93,0x93,0x93,0x03,0x03,0x03,0x03,0x72,0x72,0x72,0x72,0x03,0x8a,0xac,
    0xb8,0xaa,0x75,0x03,0x03,0x89,0x96,0x9c,0xbd,0xb6,0x03,0x72,0x03,0x78,0x78,0x85,0x78,0x41,0x45,0xb5,0x91,0x85,0x91,0x45,0x03,0x72,0x72,0x72,0x03,0x31,0x60,0x93,
    0xa5,0xb0,0xaf,0xb3,0x2f,0x03,0x72,0x72,0x03,0x7a,0x7a,0xbc,0xbc,0x9c,0x41,0x03,0x92,0xb7,0xa5,0x30,0x03,0x72,0x72,0x72,0x72,0x72,0x72,0x72,0x72,0x72,0x03,0x78,
    0x85,0x85,0x90,0x85,0x7e,0x3f,0x03,0x03,0x03,0x72,0x72,0x72,0x72,0x03,0x86,0x85,0x91,0x03,0x72,0x72,0x72,0x03,0x26,0x78,0xa1,0xb6,0xa9,0xad,0x9c,0x5a,0x03,0x72,
    0x03,0x88,0xaa,0xc1,0x9b,0xbc,0xb7,0x8a,0x23,0x03,0x03,0x03,0x77,0xa8,0xae,0xb7,0x95,0x86,0x93,0x65,0x03,0x72,0x72,0x72,0x72,0x72,0x72,0x72,0x72,0x50,0x50,0x50,
    0x50,0x03,0x03,0x9d,0x9d,0x9d,0x72,0x72,0x72,0x72,0x72,0x72,0x72,0x72,0x72,0x72,0x03,0x91,0xb6,0x93,0x93,0x93,0x93,0x91,0x91,0x05,0x04,0x72,0x72,0x03,0x56,0xaa,
    0xaf,0xb8,0x7e,0x03,0x03,0x53,0xab,0x99,0xba,0xa8,0x03,0x72,0x03,0x2f,0x91,0x92,0x97,0x92,0x78,0x86,0x85,0x9f,0x91,0x91,0x03,0x03,0x72,0x03,0x40,0x85,0x91,0x90,
    0x78,0x68,0xb0,0xa9,0x81,0x39,0x03,0x72,0x03,0x8b,0x8b,0x9a,0x9b,0x9a,0x8a,0x6d,0x99,0xba,0xc4,0x45,0x03,0x72,0x72,0x72,0x72,0x72,0x72,0x72,0x72,0x72,0x03,0x07,
    0x60,0x90,0x90,0x90,0xaa,0xbd,0x9c,0x8a,0x03,0x72,0x72,0x72,0x72,0x03,0x78,0xa2,0xa1,0x03,0x72,0x72,0x03,0x79,0x86,0x86,0x78,0x6d,0x78,0xb1,0xab,0xa2,0x3c,0x03,
    0x03,0x03,0x03,0x98,0xc1,0xb0,0x91,0x03,0x03,0x03,0x03,0xa1,0xb6,0xa9,0x14,0x03,0x38,0xb1,0xac,0x79,0x03,0x72,0x72,0x72,0x72,0x72,0x72,0x72,0x72,0x50,0x50,0x50,
    0x50,0x03,0x03,0x9d,0x9d,0x9d,0x72,0x72,0x72,0x72,0x72,0x72,0x72,0x72,0x72,0x72,0x72,0x03,0x60,0xa8,0x93,0xa2,0xa2,0xb8,0xaf,0x82,0xa1,0x14,0x72,0x03,0x03,0x92,
    0xa1,0xa1,0x8f,0x03,0x03,0x03,0x45,0x90,0x90,0x85,0x03,0x72,0x03,0x03,0x6e,0xa5,0xa6,0xa1,0x41,0x05,0x05,0x86,0x91,0x91,0x9e,0x03,0x72,0x03,0xb5,0x90,0x90,0x56,
    0x05,0x07,0x04,0x90,0xb6,0x91,0x1e,0x03,0x72,0x03,0x03,0x95,0xaa,0xae,0xa5,0x7e,0xbb,0xb0,0xaa,0x41,0x03,0x72,0x72,0x72,0x72,0x72,0x72,0x72,0x72,0x72,0x72,0x03,
    0x03,0x77,0x90,0x90,0xba,0xbd,0xc4,0x7b,0x5b,0x03,0x03,0x72,0x72,0x03,0xc4,0xbd,0xbd,0x03,0x72,0x72,0x03,0x9f,0x9f,0x91,0x03,0x03,0x03,0x03,0xa2,0xa2,0x91,0x21,
    0x03,0x72,0x03,0x91,0xa7,0xa2,0x03,0x72,0x72,0x72,0x03,0xbb,0xa9,0xb8,0x03,0x03,0x03,0x45,0x46,0x31,0x03,0x72,0x72,0x72,0x72,0x72,0x72,0x72,0x72,0x50,0x50,0x50,
    0x50,0x03,0x03,0x9d,0x9d,0x9d,0x72,0x72,0x72,0x72,0x72,0x72,0x72,0x72,0x72,0x72,0x72,0x72,0x03,0x41,0x93,0x93,0xa2,0x9a,0x9a,0xc3,0x92,0x04,0x0c,0x72,0x03,0x92,
    0xa1,0xb5,0xb4,0x03,0x72,0x03,0x39,0x85,0x85,0x85,0x03,0x72,0x72,0x03,0x60,0xa5,0xa5,0x9f,0x03,0x72,0x72,0x03,0xac,0xaa,0xa7,0x03,0x72,0x03,0xa1,0xa5,0xa5,0x53,
    0x05,0x0c,0x0c,0xab,0x9a,0xbd,0x39,0x03,0x72,0x03,0x03,0x7a,0xa9,0xa6,0xa9,0xb6,0x03,0x03,0x03,0x03,0x03,0x72,0x72,0x72,0x72,0x72,0x72,0x72,0x72,0x72,0x72,0x72,
    0x72,0x03,0x8f,0xa2,0xc1,0xba,0xbc,0xb3,0xb2,0x60,0x41,0x72,0x72,0x03,0x9a,0x99,0xad,0x03,0x72,0x72,0x03,0xa8,0x93,0x90,0x03,0x72,0x72,0x03,0xae,0xac,0xac,0x76,
    0x03,0x72,0x03,0x91,0xa1,0x85,0x03,0x72,0x72,0x72,0x03,0xc0,0x98,0x9c,0x68,0x03,0x03,0x03,0x03,0x03,0x03,0x72,0x72,0x72,0x72,0x72,0x72,0x72,0x72,0x50,0x50,0x50,
    0x50,0x03,0x03,0x9d,0x9d,0x9d,0x72,0x72,0x72,0x72,0x72,0x72,0x72,0x72,0x72,0x03,0x03,0x03,0x03,0x03,0x93,0x03,0x52,0x8e,0x9a,0xb9,0xa9,0x53,0x04,0x72,0x03,0xa7,
    0x99,0xbd,0xb4,0x03,0x72,0x03,0x5c,0xbd,0xbc,0xa6,0x03,0x72,0x72,0x03,0x5c,0xa5,0xa9,0x84,0x03,0x72,0x72,0x03,0xbd,0xbd,0x9c,0x03,0x72,0x03,0x99,0x9a,0xba,0xa7,
    0xa6,0xa6,0xa9,0xbc,0x9b,0xbe,0x59,0x03,0x72,0x03,0x03,0x5c,0x85,0x85,0x9f,0x03,0x72,0x72,0x72,0x72,0x72,0x72,0x72,0x72,0x72,0x72,0x72,0x72,0x72,0x72,0x03,0x03,
    0x03,0x03,0x03,0x03,0x6e,0xa6,0xaf,0x9a,0x9a,0x86,0x60,0x03,0x72,0x03,0x97,0xaf,0x8c,0x03,0x72,0x72,0x03,0x99,0xba,0x99,0x03,0x72,0x72,0x03,0xc2,0xbe,0xc2,0x9e,
    0x03,0x72,0x03,0x86,0x91,0x86,0x03,0x72,0x72,0x72,0x03,0x55,0xaf,0xad,0xad,0xc3,0xac,0x66,0x4a,0x14,0x72,0x72,0x72,0x72,0x72,0x72,0x72,0x72,0x72,0x50,0x50,0x50,
    0x50,0x03,0x03,0x9d,0x9d,0x9d,0x72,0x72,0x72,0x72,0x72,0x72,0x72,0x72,0x72,0x03,0x1e,0x39,0x39,0x1e,0x03,0x72,0x14,0xa7,0xb9,0xa6,0x89,0x5c,0x04,0x72,0x03,0x92,
    0xbd,0xba,0xb5,0x03,0x72,0x03,0x5d,0x99,0xba,0x92,0x03,0x72,0x72,0x03,0x56,0xa9,0xa6,0xb5,0x03,0x72,0x72,0x03,0xbc,0xbd,0xb3,0x03,0x72,0x03,0x99,0x9a,0x9a,0xb7,
    0x93,0xa8,0x93,0x95,0xaf,0x98,0x3f,0x03,0x72,0x03,0x03,0x5c,0x7e,0x7e,0x75,0x03,0x72,0x72,0x72,0x72,0x72,0x72,0x72,0x72,0x72,0x72,0x72,0x72,0x72,0x72,0x03,0x78,
    0x77,0x7e,0x03,0x03,0x72,0x1e,0xa6,0xba,0xba,0x77,0x6d,0x03,0x72,0x03,0x7e,0x90,0x85,0x03,0x72,0x72,0x03,0xba,0xba,0x99,0x03,0x72,0x72,0x03,0x9b,0xbe,0xc1,0x9f,
    0x03,0x72,0x03,0x91,0x91,0x85,0x03,0x72,0x72,0x72,0x03,0x03,0xa7,0x8c,0xb1,0xa9,0x89,0xa6,0x89,0x21,0x03,0x72,0x72,0x72,0x72,0x72,0x72,0x72,0x72,0x50,0x50,0x50,
    0x50,0x03,0x03,0x9d,0x9d,0x9d,0x72,0x72,0x72,0x72,0x72,0x72,0x72,0x72,0x72,0x03,0x53,0xba,0xc4,0x74,0x03,0x72,0x03,0x86,0x95,0xa9,0xa1,0x5d,0x04,0x72,0x03,0x88,
    0xba,0x9a,0xa2,0x03,0x72,0x03,0x5d,0xaf,0xaf,0xa5,0x03,0x72,0x72,0x03,0x5c,0xb8,0xaf,0xac,0x03,0x72,0x72,0x03,0x91,0xa1,0xa2,0x03,0x72,0x03,0x96,0xa7,0x95,0x23,
    0x03,0x03,0x03,0x03,0x03,0x03,0x03,0x03,0x72,0x03,0x03,0x53,0x75,0x6e,0x6d,0x03,0x72,0x72,0x72,0x72,0x72,0x72,0x72,0x72,0x72,0x72,0x72,0x72,0x72,0x72,0x03,0xa8,
    0xb8,0xb7,0x03,0x72,0x72,0x0c,0x85,0x90,0x85,0x77,0x5d,0x03,0x72,0x03,0x7e,0x90,0x9f,0x03,0x72,0x72,0x03,0xa6,0xa7,0xa1,0x03,0x72,0x72,0x03,0x90,0x81,0x85,0x8f,
    0x03,0x72,0x03,0xa5,0xa5,0x86,0x03,0x72,0x72,0x72,0x03,0x03,0x03,0x05,0x33,0xa1,0x91,0xb0,0xb9,0xc0,0x03,0x72,0x72,0x72,0x72,0x72,0x72,0x72,0x72,0x50,0x50,0x50,
    0x50,0x03,0x03,0x9d,0x9d,0x9d,0x72,0x72,0x72,0x72,0x72,0x72,0x72,0x72,0x72,0x03,0x52,0xbd,0x99,0x91,0x03,0x72,0x03,0xa5,0xb3,0xa5,0xa1,0x56,0x04,0x72,0x03,0x79,
    0x8a,0xa5,0xa2,0x03,0x03,0x03,0x60,0x91,0x91,0x86,0x03,0x72,0x72,0x03,0x56,0x98,0xad,0xac,0x03,0x72,0x72,0x03,0xa2,0xa2,0xb5,0x03,0x72,0x03,0xa2,0xb4,0x8f,0x03,
    0x03,0x72,0x72,0x03,0x03,0x03,0x03,0x03,0x72,0x03,0x03,0x53,0x84,0xa1,0x76,0x03,0x72,0x72,0x72,0x72,0x72,0x72,0x72,0x72,0x72,0x72,0x72,0x72,0x72,0x72,0x03,0xb7,
    0x9a,0x99,0x4b,0x20,0x20,0x0c,0x86,0x90,0x85,0x78,0x5c,0x03,0x72,0x03,0x7e,0x85,0x90,0x03,0x72,0x72,0x03,0x8f,0x8f,0x9f,0x03,0x03,0x03,0x03,0x91,0x90,0x86,0x7e,
    0x03,0x72,0x03,0xb9,0x98,0xb2,0x03,0x72,0x03,0x03,0x03,0x03,0x03,0x03,0x03,0x4d,0x5d,0x9a,0xba,0xae,0x03,0x72,0x72,0x72,0x72,0x72,0x72,0x72,0x72,0x50,0x50,0x50,
    0x50,0x03,0x03,0x9d,0x9d,0x9d,0x72,0x72,0x72,0x72,0x72,0x72,0x72,0x72,0x72,0x03,0x2f,0xac,0xac,0x93,0x75,0x03,0x8f,0x90,0x95,0xa9,0x60,0x2b,0x0c,0x72,0x03,0x4c,
    0xa5,0xa1,0x91,0x56,0x4c,0x62,0x86,0x91,0x91,0x78,0x03,0x03,0x72,0x03,0x56,0x97,0x98,0xb8,0x86,0x03,0x03,0xb6,0xa2,0x93,0xb5,0x03,0x72,0x03,0x4b,0x9f,0x9f,0x75,
    0x03,0x03,0x03,0x33,0x81,0x81,0x03,0x72,0x03,0x03,0x03,0x8b,0xba,0xba,0xb7,0x03,0x03,0x72,0x72,0x72,0x72,0x72,0x72,0x72,0x72,0x72,0x72,0x72,0x72,0x72,0x03,0xb7,
    0xad,0xba,0xb7,0x75,0x6d,0x6d,0x90,0x85,0x85,0x60,0x41,0x03,0x03,0x03,0xa6,0x8c,0x89,0x03,0x03,0x03,0x03,0x5b,0x90,0x85,0x85,0x45,0x41,0x78,0x90,0x90,0x3f,0x03,
    0x72,0x72,0x03,0x98,0xaf,0xb3,0x92,0x03,0x03,0x03,0x03,0xb0,0xb0,0xb7,0x03,0x03,0x03,0x9a,0x9a,0xbb,0x03,0x72,0x72,0x72,0x72,0x72,0x72,0x72,0x72,0x50,0x50,0x50,
    0x50,0x03,0x03,0x9d,0x9d,0x9d,0x72,0x72,0x72,0x72,0x72,0x72,0x72,0x72,0x72,0x72,0x03,0x14,0xa2,0xa1,0x93,0x91,0x93,0xa2,0x91,0x33,0x14,0x72,0x72,0x72,0x72,0x03,
    0x5b,0xa2,0xa1,0x91,0xa1,0x6e,0x78,0xa1,0x91,0x91,0x91,0x03,0x72,0x03,0x53,0x8a,0x91,0xa1,0x86,0xab,0x8a,0xa5,0xa5,0x6e,0x03,0x72,0x72,0x72,0x03,0x7e,0x9f,0x85,
    0x91,0x85,0x91,0x81,0x78,0x5c,0x03,0x72,0x03,0x81,0x81,0xb9,0x9a,0x9b,0xbc,0x85,0x03,0x72,0x72,0x72,0x72,0x72,0x72,0x72,0x72,0x72,0x72,0x72,0x72,0x72,0x72,0x03,
    0x67,0xa9,0xa1,0xa5,0xa5,0xa1,0xa2,0x90,0x5b,0x03,0x03,0x72,0x03,0xac,0xac,0xb3,0x8a,0x89,0x86,0x03,0x72,0x03,0x59,0x91,0x85,0xa1,0x85,0x91,0x91,0x52,0x03,0x03,
    0x72,0x72,0x03,0x59,0xa1,0xa5,0xa6,0xa2,0x39,0x03,0x03,0xbf,0xa7,0xa7,0xb7,0xb7,0x96,0xa6,0xa5,0x41,0x03,0x72,0x72,0x72,0x72,0x72,0x72,0x72,0x72,0x50,0x50,0x50,
    0x50,0x03,0x03,0x9d,0x9d,0x9d,0x72,0x72,0x72,0x72,0x72,0x72,0x72,0x72,0x72,0x72,0x72,0x03,0x22,0x3f,0xa2,0xa2,0x81,0x85,0x85,0x03,0x72,0x72,0x72,0x72,0x72,0x03,
    0x03,0xa2,0xa8,0xb6,0xb6,0x08,0x41,0x91,0xb6,0x86,0xa2,0x03,0x72,0x03,0x53,0x8a,0x91,0x78,0x03,0xa8,0xa9,0xab,0x8a,0x03,0x72,0x72,0x72,0x72,0x72,0x03,0x78,0xa2,
    0xa2,0xa2,0x91,0x86,0x33,0x03,0x72,0x72,0x03,0x75,0x75,0x85,0xa6,0xa6,0xa1,0x60,0x03,0x72,0x72,0x72,0x72,0x72,0x72,0x72,0x72,0x72,0x72,0x72,0x72,0x72,0x72,0x72,
    0x03,0x21,0x5c,0xa1,0xa5,0x89,0x91,0x91,0x03,0x72,0x72,0x72,0x03,0x8a,0xa6,0x92,0xa6,0x91,0xa1,0x03,0x72,0x72,0x03,0x91,0xb6,0xa2,0xb6,0x93,0xa2,0x03,0x72,0x72,
    0x72,0x72,0x72,0x03,0x6d,0xa1,0xa5,0x89,0x3f,0x03,0x03,0x6e,0x55,0x33,0xa9,0xa5,0xa5,0x93,0x76,0x03,0x72,0x72,0x72,0x72,0x72,0x72,0x72,0x72,0x72,0x50,0x50,0x50,
    0x50,0x03,0x03,0x9d,0x9d,0x9d,0x72,0x72,0x72,0x72,0x72,0x72,0x72,0x72,0x72,0x72,0x72,0x72,0x03,0x03,0x03,0x03,0x03,0x03,0x03,0x03,0x72,0x72,0x72,0x72,0x72,0x72,
    0x03,0x03,0x03,0x03,0x03,0x03,0x03,0x03,0x03,0x03,0x03,0x03,0x03,0x03,0x5c,0xa1,0xa2,0x81,0x03,0x03,0x03,0x03,0x03,0x72,0x72,0x72,0x72,0x72,0x72,0x72,0x03,0x03,
    0x03,0x03,0x03,0x03,0x72,0x72,0x72,0x72,0x03,0x03,0x03,0x03,0x03,0x03,0x03,0x03,0x03,0x72,0x72,0x72,0x72,0x72,0x72,0x72,0x72,0x72,0x72,0x72,0x72,0x72,0x72,0x72,
    0x72,0x03,0x03,0x03,0x03,0x03,0x03,0x03,0x03,0x72,0x72,0x72,0x03,0x03,0x03,0x03,0x03,0x03,0x03,0x03,0x72,0x72,0x72,0x03,0x03,0x03,0x03,0x03,0x03,0x72,0x72,0x72,
    0x72,0x72,0x72,0x03,0x03,0x03,0x03,0x03,0x03,0x03,0x03,0x03,0x07,0x04,0x05,0x05,0x05,0x05,0x07,0x72,0x72,0x72,0x72,0x72,0x72,0x72,0x72,0x72,0x72,0x50,0x50,0x50,
    0x50,0x03,0x03,0x9d,0x9d,0x9d,0x72,0x72,0x72,0x72,0x72,0x72,0x72,0x72,0x72,0x72,0x72,0x72,0x72,0x72,0x72,0x72,0x72,0x72,0x72,0x72,0x72,0x72,0x72,0x72,0x72,0x72,
    0x72,0x72,0x72,0x72,0x72,0x72,0x72,0x72,0x72,0x72,0x72,0x72,0x05,0x4d,0x89,0x8a,0xa1,0x86,0x4c,0x03,0x72,0x72,0x72,0x72,0x72,0x72,0x72,0x72,0x72,0x72,0x72,0x72,
    0x72,0x72,0x72,0x72,0x72,0x72,0x72,0x72,0x72,0x72,0x72,0x72,0x72,0x72,0x72,0x72,0x72,0x72,0x72,0x72,0x72,0x72,0x72,0x72,0x72,0x72,0x72,0x72,0x72,0x72,0x72,0x72,
    0x72,0x72,0x72,0x72,0x72,0x72,0x72,0x72,0x72,0x72,0x72,0x72,0x72,0x72,0x72,0x72,0x72,0x72,0x72,0x72,0x72,0x72,0x72,0x72,0x72,0x72,0x72,0x72,0x72,0x72,0x72,0x72,
    0x72,0x72,0x72,0x72,0x72,0x72,0x72,0x72,0x72,0x72,0x72,0x72,0x72,0x72,0x72,0x72,0x72,0x72,0x72,0x72,0x72,0x72,0x72,0x72,0x72,0x72,0x72,0x72,0x72,0x50,0x50,0x50,
    0x50,0x03,0x03,0x9d,0x9d,0x9d,0x72,0x72,0x72,0x72,0x72,0x72,0x72,0x72,0x72,0x72,0x72,0x72,0x72,0x72,0x72,0x72,0x72,0x72,0x72,0x72,0x72,0x72,0x72,0x72,0x72,0x72,
    0x72,0x72,0x72,0x72,0x72,0x72,0x72,0x72,0x72,0x72,0x72,0x72,0x06,0x88,0xaa,0x97,0x8a,0xb5,0x6d,0x03,0x72,0x72,0x72,0x72,0x72,0x72,0x72,0x72,0x72,0x72,0x72,0x72,
    0x72,0x72,0x72,0x72,0x72,0x72,0x72,0x72,0x72,0x72,0x72,0x72,0x72,0x72,0x72,0x72,0x72,0x72,0x72,0x72,0x72,0x72,0x72,0x72,0x72,0x72,0x72,0x72,0x72,0x72,0x72,0x72,
    0x72,0x72,0x72,0x72,0x72,0x72,0x72,0x72,0x72,0x72,0x72,0x72,0x72,0x72,0x72,0x72,0x72,0x72,0x72,0x72,0x72,0x72,0x72,0x72,0x72,0x72,0x72,0x72,0x72,0x72,0x72,0x72,
    0x72,0x72,0x72,0x72,0x72,0x72,0x72,0x72,0x72,0x72,0x72,0x72,0x72,0x72,0x72,0x72,0x72,0x72,0x72,0x72,0x72,0x72,0x72,0x72,0x72,0x72,0x72,0x72,0x72,0x50,0x50,0x50,
    0x50,0x03,0x03,0x9d,0x9d,0x9d,0x72,0x72,0x72,0x72,0x72,0x72,0x72,0x72,0x72,0x72,0x72,0x72,0x72,0x72,0x72,0x72,0x72,0x72,0x72,0x72,0x72,0x72,0x72,0x72,0x72,0x72,
    0x72,0x72,0x72,0x72,0x72,0x72,0x72,0x72,0x72,0x72,0x72,0x72,0x06,0x7a,0x8b,0x8b,0x89,0x84,0x7e,0x03,0x72,0x72,0x72,0x72,0x72,0x72,0x72,0x72,0x72,0x72,0x72,0x72,
    0x72,0x72,0x72,0x72,0x72,0x72,0x72,0x72,0x72,0x72,0x72,0x72,0x72,0x72,0x72,0x72,0x72,0x72,0x72,0x72,0x72,0x72,0x72,0x72,0x72,0x72,0x72,0x72,0x72,0x72,0x72,0x72,
    0x72,0x72,0x72,0x72,0x72,0x72,0x72,0x72,0x72,0x72,0x72,0x72,0x72,0x72,0x72,0x72,0x72,0x72,0x72,0x72,0x72,0x72,0x72,0x72,0x72,0x72,0x72,0x72,0x72,0x72,0x72,0x72,
    0x72,0x72,0x72,0x72,0x72,0x72,0x72,0x72,0x72,0x72,0x72,0x72,0x72,0x72,0x72,0x72,0x72,0x72,0x72,0x72,0x72,0x72,0x72,0x72,0x72,0x72,0x72,0x72,0x72,0x50,0x50,0x50,
    0x50,0x03,0x03,0x9d,0x9d,0x9d,0x72,0x72,0x72,0x72,0x72,0x72,0x72,0x72,0x72,0x72,0x72,0x72,0x72,0x72,0x72,0x72,0x72,0x72,0x72,0x72,0x72,0x72,0x72,0x72,0x72,0x72,
    0x72,0x72,0x72,0x72,0x72,0x72,0x72,0x72,0x72,0x72,0x72,0x72,0x03,0x03,0x03,0x03,0x03,0x03,0x03,0x03,0x72,0x72,0x72,0x72,0x72,0x72,0x72,0x72,0x72,0x72,0x72,0x72,
    0x72,0x72,0x72,0x72,0x72,0x72,0x72,0x72,0x72,0x72,0x72,0x72,0x72,0x72,0x72,0x72,0x72,0x72,0x72,0x72,0x72,0x72,0x72,0x72,0x72,0x72,0x72,0x72,0x72,0x72,0x72,0x72,
    0x72,0x72,0x72,0x72,0x72,0x72,0x72,0x72,0x72,0x72,0x72,0x72,0x72,0x72,0x72,0x72,0x72,0x72,0x72,0x72,0x72,0x72,0x72,0x72,0x72,0x72,0x72,0x72,0x72,0x72,0x72,0x72,
    0x72,0x72,0x72,0x72,0x72,0x72,0x72,0x72,0x72,0x72,0x72,0x72,0x72,0x72,0x72,0x72,0x72,0x72,0x72,0x72,0x72,0x72,0x72,0x72,0x72,0x72,0x72,0x72,0x72,0x50,0x50,0x50,
    0x50,0x03,0x03,0x9d,0x9d,0x9d,0x72,0x72,0x72,0x72,0x72,0x72,0x72,0x72,0x72,0x72,0x72,0x72,0x72,0x72,0x72,0x72,0x72,0x72,0x72,0x72,0x72,0x72,0x72,0x72,0x72,0x72,
    0x72,0x72,0x72,0x72,0x72,0x72,0x72,0x72,0x72,0x72,0x72,0x72,0x72,0x72,0x72,0x72,0x72,0x72,0x72,0x72,0x72,0x72,0x72,0x72,0x72,0x72,0x72,0x72,0x72,0x72,0x72,0x72,
    0x72,0x72,0x72,0x72,0x72,0x72,0x72,0x72,0x72,0x72,0x72,0x72,0x72,0x72,0x72,0x72,0x72,0x72,0x72,0x72,0x72,0x72,0x72,0x72,0x72,0x72,0x72,0x72,0x72,0x72,0x72,0x72,
    0x72,0x72,0x72,0x72,0x72,0x72,0x72,0x72,0x72,0x72,0x72,0x72,0x72,0x72,0x72,0x72,0x72,0x72,0x72,0x72,0x72,0x72,0x72,0x72,0x72,0x72,0x72,0x72,0x72,0x72,0x72,0x72,
    0x72,0x72,0x72,0x72,0x72,0x72,0x72,0x72,0x72,0x72,0x72,0x72,0x72,0x72,0x72,0x72,0x72,0x72,0x72,0x72,0x72,0x72,0x72,0x72,0x72,0x72,0x72,0x72,0x72,0x50,0x50,0x50,
    0x50,0x03,0x03,0x9d,0x9d,0x9d,0x72,0x72,0x72,0x72,0x72,0x72,0x72,0x72,0x72,0x72,0x72,0x72,0x72,0x72,0x72,0x72,0x72,0x72,0x72,0x72,0x72,0x72,0x72,0x72,0x72,0x72,
    0x72,0x72,0x72,0x72,0x72,0x72,0x72,0x72,0x72,0x72,0x72,0x72,0x72,0x72,0x72,0x72,0x72,0x72,0x72,0x72,0x72,0x72,0x72,0x72,0x72,0x72,0x72,0x72,0x72,0x72,0x72,0x72,
    0x72,0x72,0x72,0x72,0x72,0x72,0x72,0x72,0x72,0x72,0x72,0x72,0x72,0x72,0x72,0x72,0x72,0x72,0x72,0x72,0x72,0x72,0x72,0x72,0x72,0x72,0x72,0x72,0x72,0x72,0x72,0x72,
    0x72,0x72,0x72,0x72,0x72,0x72,0x72,0x72,0x72,0x72,0x72,0x72,0x72,0x72,0x72,0x72,0x72,0x72,0x72,0x72,0x72,0x72,0x72,0x72,0x72,0x72,0x72,0x72,0x72,0x72,0x72,0x72,
    0x72,0x72,0x72,0x72,0x72,0x72,0x72,0x72,0x72,0x72,0x72,0x72,0x72,0x72,0x72,0x72,0x72,0x72,0x72,0x72,0x72,0x72,0x72,0x72,0x72,0x72,0x72,0x72,0x72,0x50,0x50,0x50,
    0x50,0x03,0x03,0x9d,0x9d,0x9d,0x72,0x72,0x03,0x03,0x03,0x03,0x03,0x03,0x03,0x03,0x03,0x03,0x03,0x03,0x03,0x03,0x03,0x03,0x03,0x03,0x03,0x03,0x03,0x03,0x03,0x03,
    0x03,0x03,0x03,0x03,0x03,0x03,0x03,0x03,0x03,0x03,0x03,0x03,0x03,0x03,0x03,0x03,0x03,0x03,0x03,0x03,0x03,0x03,0x03,0x03,0x03,0x03,0x03,0x03,0x03,0x03,0x03,0x03,
    0x03,0x03,0x03,0x03,0x03,0x03,0x03,0x03,0x03,0x03,0x03,0x03,0x03,0x03,0x03,0x03,0x03,0x03,0x03,0x03,0x03,0x03,0x03,0x03,0x03,0x03,0x03,0x03,0x03,0x03,0x03,0x03,
    0x03,0x03,0x03,0x03,0x03,0x03,0x03,0x03,0x03,0x03,0x03,0x03,0x03,0x03,0x03,0x03,0x03,0x03,0x03,0x03,0x03,0x03,0x03,0x03,0x03,0x03,0x03,0x03,0x03,0x03,0x03,0x03,
    0x03,0x03,0x03,0x03,0x03,0x03,0x03,0x03,0x03,0x03,0x03,0x03,0x03,0x03,0x03,0x03,0x03,0x03,0x03,0x03,0x03,0x03,0x03,0x03,0x03,0x03,0x03,0x72,0x72,0x50,0x50,0x50,
    0x50,0x03,0x03,0x9d,0x9d,0x9d,0x72,0x72,0x03,0x6c,0x6c,0x6c,0x6c,0x6c,0x6c,0x6c,0x6c,0x6c,0x6c,0x6c,0x6c,0x6c,0x6c,0x6c,0x6c,0x6c,0x6c,0x6c,0x6c,0x6c,0x6c,0x6c,
    0x6c,0x6c,0x6c,0x6c,0x6c,0x6c,0x6c,0x6c,0x6c,0x6c,0x6c,0x6c,0x6c,0x6c,0x6c,0x6c,0x6c,0x6c,0x6c,0x6c,0x6c,0x6c,0x6c,0x6c,0x6c,0x6c,0x6c,0x6c,0x6c,0x6c,0x6c,0x6c,
    0x6c,0x6c,0x6c,0x6c,0x6c,0x6c,0x6c,0x6c,0x6c,0x6c,0x6c,0x6c,0x6c,0x6c,0x6c,0x6c,0x6c,0x6c,0x6c,0x6c,0x6c,0x6c,0x6c,0x6c,0x6c,0x6c,0x6c,0x6c,0x6c,0x6c,0x6c,0x6c,
    0x6c,0x6c,0x6c,0x6c,0x6c,0x6c,0x6c,0x6c,0x6c,0x6c,0x6c,0x6c,0x6c,0x6c,0x6c,0x6c,0x6c,0x6c,0x6c,0x6c,0x6c,0x6c,0x6c,0x6c,0x6c,0x6c,0x6c,0x6c,0x6c,0x6c,0x6c,0x6c,
    0x6c,0x6c,0x6c,0x6c,0x6c,0x6c,0x6c,0x6c,0x6c,0x6c,0x6c,0x6c,0x6c,0x6c,0x6c,0x6c,0x6c,0x6c,0x6c,0x6c,0x6c,0x6c,0x6c,0x6c,0x6c,0x6c,0x03,0x72,0x72,0x50,0x50,0x50,
    0x50,0x03,0x03,0x9d,0x9d,0x9d,0x72,0x72,0x03,0x6c,0x03,0x03,0x05,0x08,0x06,0x08,0x08,0x05,0x05,0x07,0x06,0x06,0x06,0x06,0x06,0x05,0x03,0x03,0x03,0x03,0x03,0x03,
    0x03,0x03,0x03,0x03,0x03,0x03,0x03,0x03,0x03,0x03,0x03,0x05,0x03,0x03,0x03,0x03,0x03,0x03,0x03,0x03,0x03,0x03,0x03,0x03,0x03,0x03,0x03,0x03,0x03,0x03,0x03,0x03,
    0x03,0x03,0x03,0x03,0x03,0x03,0x03,0x03,0x05,0x05,0x05,0x05,0x05,0x05,0x05,0x05,0x05,0x05,0x05,0x05,0x05,0x05,0x05,0x05,0x05,0x05,0x05,0x05,0x05,0x05,0x05,0x05,
    0x05,0x05,0x04,0x04,0x04,0x04,0x04,0x04,0x04,0x04,0x05,0x04,0x04,0x04,0x04,0x04,0x07,0x07,0x07,0x07,0x07,0x07,0x06,0x06,0x06,0x06,0x06,0x06,0x06,0x06,0x06,0x06,
    0x06,0x06,0x06,0x06,0x06,0x06,0x06,0x06,0x06,0x06,0x06,0x08,0x06,0x08,0x08,0x08,0x08,0x08,0x08,0x08,0x08,0x06,0x03,0x03,0x03,0x6c,0x03,0x72,0x72,0x50,0x50,0x50,
    0x50,0x03,0x03,0x9d,0x9d,0x9d,0x72,0x72,0x03,0x6c,0x03,0x03,0x03,0x03,0x05,0x0d,0x15,0x15,0x15,0x18,0x18,0x18,0x18,0x10,0x15,0x08,0x04,0x06,0x15,0x24,0x24,0x24,
    0x24,0x24,0x24,0x24,0x24,0x24,0x24,0x18,0x18,0x18,0x28,0x2d,0x2d,0x2d,0x2d,0x2d,0x2d,0x2d,0x2d,0x18,0x2d,0x28,0x28,0x28,0x24,0x24,0x28,0x15,0x28,0x28,0x28,0x28,
    0x28,0x28,0x28,0x28,0x28,0x24,0x24,0x24,0x24,0x24,0x24,0x24,0x24,0x24,0x24,0x18,0x18,0x18,0x18,0x18,0x18,0x18,0x18,0x18,0x18,0x18,0x18,0x18,0x15,0x15,0x15,0x15,
    0x15,0x15,0x15,0x15,0x15,0x0d,0x0d,0x08,0x08,0x0d,0x0d,0x0d,0x08,0x08,0x08,0x0d,0x0d,0x10,0x10,0x10,0x10,0x10,0x10,0x10,0x0d,0x0d,0x0d,0x0d,0x0d,0x0d,0x0d,0x0d,
    0x0d,0x0d,0x0d,0x0d,0x0d,0x0d,0x0d,0x0d,0x08,0x08,0x08,0x08,0x08,0x08,0x10,0x10,0x0d,0x10,0x0d,0x10,0x06,0x03,0x03,0x03,0x03,0x6c,0x03,0x72,0x72,0x50,0x50,0x50,
    0x50,0x03,0x03,0x9d,0x9d,0x9d,0x72,0x72,0x03,0x6c,0x03,0x03,0x03,0x03,0x18,0x54,0x5e,0x64,0x64,0x64,0x64,0x64,0x64,0x64,0x64,0x64,0x64,0x64,0x64,0x71,0x71,0x7c,
    0x7c,0x7c,0x7c,0x7c,0x7c,0x7c,0x7c,0x7c,0x7c,0x7c,0x7c,0x7c,0x7c,0x7c,0x7c,0x7c,0x7c,0x7c,0x7c,0x4f,0x64,0x64,0x71,0x7c,0x83,0x7c,0x69,0x4f,0x7c,0x7c,0x7c,0x7c,
    0x7c,0x7c,0x71,0x71,0x71,0x71,0x71,0x71,0x71,0x71,0x71,0x71,0x71,0x71,0x71,0x71,0x71,0x69,0x71,0x69,0x69,0x69,0x69,0x69,0x69,0x69,0x69,0x69,0x69,0x69,0x69,0x69,
    0x69,0x69,0x64,0x69,0x64,0x47,0x64,0x69,0x71,0x83,0x7c,0x71,0x69,0x47,0x5e,0x5e,0x5e,0x64,0x64,0x64,0x64,0x5e,0x64,0x64,0x64,0x64,0x5e,0x5e,0x5e,0x5e,0x5e,0x5e,
    0x5e,0x5e,0x5e,0x5e,0x5e,0x5e,0x5e,0x5e,0x57,0x57,0x5e,0x57,0x57,0x57,0x57,0x57,0x57,0x57,0x57,0x32,0x18,0x06,0x03,0x03,0x03,0x6c,0x03,0x72,0x72,0x50,0x50,0x50,
    0x50,0x03,0x03,0x9d,0x9d,0x9d,0x72,0x72,0x03,0x6c,0x03,0x03,0x03,0x03,0x3d,0x7c,0x7c,0x7c,0x7c,0x7c,0x7c,0x7c,0x7c,0x7c,0x7c,0x7c,0x7c,0x7c,0x7c,0x7c,0x7c,0x7c,
    0x7c,0x7c,0x7c,0x7c,0x7c,0x7c,0x7c,0x7c,0x7c,0x7c,0x7c,0x7c,0x7c,0x7c,0x7c,0x7c,0x7c,0x7c,0x7c,0x4f,0x64,0x64,0x71,0x7c,0x83,0x7c,0x69,0x4f,0x7c,0x7c,0x7c,0x7c,
    0x7c,0x7c,0x7c,0x7c,0x7c,0x7c,0x7c,0x7c,0x7c,0x7c,0x7c,0x7c,0x7c,0x7c,0x7c,0x7c,0x7c,0x7c,0x7c,0x7c,0x7c,0x7c,0x7c,0x7c,0x7c,0x7c,0x7c,0x7c,0x7c,0x7c,0x7c,0x7c,
    0x7c,0x7c,0x7c,0x7c,0x7c,0x4f,0x64,0x69,0x71,0x83,0x7c,0x71,0x69,0x4f,0x7c,0x7c,0x7c,0x7c,0x7c,0x7c,0x7c,0x7c,0x7c,0x7c,0x7c,0x7c,0x7c,0x7c,0x7c,0x7c,0x7c,0x7c,
    0x7c,0x7c,0x7c,0x7c,0x7c,0x7c,0x7c,0x7c,0x7c,0x7c,0x7c,0x7c,0x7c,0x7c,0x7c,0x7c,0x7c,0x7c,0x7c,0x54,0x24,0x06,0x03,0x03,0x03,0x6c,0x03,0x72,0x72,0x50,0x50,0x50,
    0x50,0x03,0x03,0x9d,0x9d,0x9d,0x72,0x72,0x03,0x6c,0x03,0x03,0x05,0x05,0x4f,0x7c,0x7c,0x7c,0x7c,0x7c,0x7c,0x7c,0x7c,0x7c,0x7c,0x7c,0x7c,0x7c,0x7c,0x7c,0x7c,0x7c,
    0x7c,0x7c,0x7c,0x7c,0x7c,0x7c,0x7c,0x7c,0x7c,0x7c,0x7c,0x7c,0x7c,0x7c,0x7c,0x7c,0x7c,0x7c,0x7c,0x4f,0x64,0x64,0x71,0x7c,0x83,0x7c,0x69,0x4f,0x7c,0x7c,0x7c,0x7c,
    0x7c,0x7c,0x7c,0x7c,0x7c,0x7c,0x7c,0x7c,0x7c,0x7c,0x7c,0x7c,0x7c,0x7c,0x7c,0x7c,0x7c,0x7c,0x7c,0x7c,0x7c,0x7c,0x7c,0x7c,0x7c,0x7c,0x7c,0x7c,0x7c,0x7c,0x7c,0x7c,
    0x7c,0x7c,0x7c,0x7c,0x7c,0x4f,0x64,0x69,0x71,0x83,0x7c,0x71,0x69,0x4f,0x7c,0x7c,0x7c,0x7c,0x7c,0x7c,0x7c,0x7c,0x7c,0x7c,0x7c,0x7c,0x7c,0x7c,0x7c,0x7c,0x7c,0x7c,
    0x7c,0x7c,0x7c,0x7c,0x7c,0x7c,0x7c,0x7c,0x7c,0x7c,0x7c,0x7c,0x7c,0x7c,0x7c,0x7c,0x7c,0x7c,0x7c,0x7c,0x47,0x0d,0x03,0x03,0x03,0x6c,0x03,0x72,0x72,0x50,0x50,0x50,
    0x50,0x03,0x03,0x9d,0x9d,0x9d,0x72,0x72,0x03,0x6c,0x03,0x03,0x05,0x08,0x54,0x7c,0x7c,0x7c,0x7c,0x7c,0x7c,0x7c,0x7c,0x7c,0x7c,0x7c,0x7c,0x7c,0x7c,0x7c,0x7c,0x7c,
    0x7c,0x7c,0x7c,0x7c,0x7c,0x7c,0x7c,0x7c,0x7c,0x7c,0x7c,0x7c,0x7c,0x7c,0x7c,0x7c,0x7c,0x7c,0x7c,0x4f,0x64,0x64,0x71,0x7c,0x83,0x7c,0x69,0x4f,0x7c,0x7c,0x7c,0x7c,
    0x7c,0x7c,0x7c,0x7c,0x7c,0x7c,0x7c,0x7c,0x7c,0x7c,0x7c,0x7c,0x7c,0x7c,0x7c,0x7c,0x7c,0x7c,0x7c,0x7c,0x7c,0x7c,0x7c,0x7c,0x7c,0x7c,0x7c,0x7c,0x7c,0x7c,0x7c,0x7c,
    0x7c,0x7c,0x7c,0x7c,0x7c,0x4f,0x64,0x69,0x71,0x83,0x7c,0x71,0x69,0x4f,0x7c,0x7c,0x7c,0x7c,0x7c,0x7c,0x7c,0x7c,0x7c,0x7c,0x7c,0x7c,0x7c,0x7c,0x7c,0x7c,0x7c,0x7c,
    0x7c,0x7c,0x7c,0x7c,0x7c,0x7c,0x7c,0x7c,0x7c,0x7c,0x7c,0x7c,0x7c,0x7c,0x7c,0x7c,0x7c,0x7c,0x7c,0x7c,0x69,0x0d,0x05,0x03,0x03,0x6c,0x03,0x72,0x72,0x50,0x50,0x50,
    0x50,0x03,0x03,0x9d,0x9d,0x9d,0x72,0x72,0x03,0x6c,0x05,0x03,0x05,0x15,0x5e,0x7c,0x7c,0x7c,0x7c,0x7c,0x7c,0x7c,0x7c,0x7c,0x7c,0x7c,0x7c,0x7c,0x7c,0x7c,0x7c,0x7c,
    0x7c,0x7c,0x7c,0x7c,0x7c,0x7c,0x7c,0x7c,0x7c,0x7c,0x7c,0x7c,0x7c,0x7c,0x7c,0x7c,0x7c,0x7c,0x7c,0x4f,0x64,0x64,0x71,0x7c,0x83,0x7c,0x69,0x4f,0x7c,0x7c,0x7c,0x7c,
    0x7c,0x7c,0x7c,0x7c,0x7c,0x7c,0x7c,0x7c,0x7c,0x7c,0x7c,0x7c,0x7c,0x7c,0x7c,0x7c,0x7c,0x7c,0x7c,0x7c,0x7c,0x7c,0x7c,0x7c,0x7c,0x7c,0x7c,0x7c,0x7c,0x7c,0x7c,0x7c,
    0x7c,0x7c,0x7c,0x7c,0x7c,0x4f,0x64,0x69,0x71,0x83,0x7c,0x71,0x69,0x4f,0x7c,0x7c,0x7c,0x7c,0x7c,0x7c,0x7c,0x7c,0x7c,0x7c,0x7c,0x7c,0x7c,0x7c,0x7c,0x7c,0x7c,0x7c,
    0x7c,0x7c,0x7c,0x7c,0x7c,0x7c,0x7c,0x7c,0x7c,0x7c,0x7c,0x7c,0x7c,0x7c,0x7c,0x7c,0x7c,0x7c,0x7c,0x7c,0x7c,0x36,0x06,0x03,0x03,0x6c,0x03,0x72,0x72,0x50,0x50,0x50,
    0x50,0x03,0x03,0x9d,0x9d,0x9d,0x72,0x72,0x03,0x6c,0x04,0x03,0x08,0x28,0x64,0x7c,0x7c,0x7c,0x7c,0x7c,0x7c,0x7c,0x7c,0x7c,0x7c,0x7c,0x7c,0x7c,0x7c,0x7c,0x7c,0x7c,
    0x7c,0x7c,0x7c,0x7c,0x7c,0x7c,0x7c,0x7c,0x7c,0x7c,0x7c,0x7c,0x7c,0x7c,0x7c,0x7c,0x7c,0x7c,0x7c,0x4f,0x64,0x64,0x71,0x7c,0x83,0x7c,0x69,0x4f,0x7c,0x7c,0x7c,0x7c,
    0x7c,0x7c,0x7c,0x7c,0x7c,0x7c,0x7c,0x7c,0x7c,0x7c,0x7c,0x7c,0x7c,0x7c,0x7c,0x7c,0x7c,0x7c,0x7c,0x7c,0x7c,0x7c,0x7c,0x7c,0x7c,0x7c,0x7c,0x7c,0x7c,0x7c,0x7c,0x7c,
    0x7c,0x7c,0x7c,0x7c,0x7c,0x4f,0x64,0x69,0x71,0x83,0x7c,0x71,0x69,0x4f,0x7c,0x7c,0x7c,0x7c,0x7c,0x7c,0x7c,0x7c,0x7c,0x7c,0x7c,0x7c,0x7c,0x7c,0x7c,0x7c,0x7c,0x7c,
    0x7c,0x7c,0x7c,0x7c,0x7c,0x7c,0x7c,0x7c,0x7c,0x7c,0x7c,0x7c,0x7c,0x7c,0x7c,0x7c,0x7c,0x7c,0x7c,0x7c,0x7c,0x57,0x08,0x03,0x03,0x6c,0x03,0x72,0x72,0x50,0x50,0x50,
    0x50,0x03,0x03,0x9d,0x9d,0x9d,0x72,0x72,0x03,0x6c,0x07,0x03,0x08,0x36,0x69,0x7c,0x7c,0x7c,0x7c,0x7c,0x7c,0x7c,0x7c,0x7c,0x7c,0x7c,0x7c,0x7c,0x7c,0x7c,0x7c,0x7c,
    0x7c,0x7c,0x7c,0x7c,0x7c,0x7c,0x7c,0x7c,0x7c,0x7c,0x7c,0x7c,0x7c,0x7c,0x7c,0x7c,0x7c,0x7c,0x7c,0x4f,0x64,0x64,0x71,0x7c,0x83,0x7c,0x69,0x4f,0x7c,0x7c,0x7c,0x7c,
    0x7c,0x7c,0x7c,0x7c,0x7c,0x7c,0x7c,0x7c,0x7c,0x7c,0x7c,0x7c,0x7c,0x7c,0x7c,0x7c,0x7c,0x7c,0x7c,0x7c,0x7c,0x7c,0x7c,0x7c,0x7c,0x7c,0x7c,0x7c,0x7c,0x7c,0x7c,0x7c,
    0x7c,0x7c,0x7c,0x7c,0x7c,0x4f,0x64,0x69,0x71,0x83,0x7c,0x71,0x69,0x4f,0x7c,0x7c,0x7c,0x7c,0x7c,0x7c,0x7c,0x7c,0x7c,0x7c,0x7c,0x7c,0x7c,0x7c,0x7c,0x7c,0x7c,0x7c,
    0x7c,0x7c,0x7c,0x7c,0x7c,0x7c,0x7c,0x7c,0x7c,0x7c,0x7c,0x7c,0x7c,0x7c,0x7c,0x7c,0x7c,0x7c,0x7c,0x7c,0x7c,0x5e,0x10,0x03,0x03,0x6c,0x03,0x72,0x72,0x50,0x50,0x50,
    0x50,0x03,0x03,0x9d,0x9d,0x9d,0x72,0x72,0x03,0x6c,0x06,0x03,0x04,0x4f,0x7c,0x7c,0x7c,0x7c,0x7c,0x7c,0x7c,0x7c,0x7c,0x7c,0x7c,0x7c,0x7c,0x7c,0x7c,0x7c,0x7c,0x7c,
    0x7c,0x7c,0x7c,0x7c,0x7c,0x7c,0x7c,0x7c,0x7c,0x7c,0x7c,0x7c,0x7c,0x7c,0x7c,0x7c,0x7c,0x7c,0x7c,0x4f,0x64,0x64,0x71,0x7c,0x83,0x7c,0x69,0x4f,0x7c,0x7c,0x7c,0x7c,
    0x7c,0x7c,0x7c,0x7c,0x7c,0x7c,0x7c,0x7c,0x7c,0x7c,0x7c,0x7c,0x7c,0x7c,0x7c,0x7c,0x7c,0x7c,0x7c,0x7c,0x7c,0x7c,0x7c,0x7c,0x7c,0x7c,0x7c,0x7c,0x7c,0x7c,0x7c,0x7c,
    0x7c,0x7c,0x7c,0x7c,0x7c,0x4f,0x64,0x69,0x71,0x83,0x7c,0x71,0x69,0x4f,0x7c,0x7c,0x7c,0x7c,0x7c,0x7c,0x7c,0x7c,0x7c,0x7c,0x7c,0x7c,0x7c,0x7c,0x7c,0x7c,0x7c,0x7c,
    0x7c,0x7c,0x7c,0x7c,0x7c,0x7c,0x7c,0x7c,0x7c,0x7c,0x7c,0x7c,0x7c,0x7c,0x7c,0x7c,0x7c,0x7c,0x7c,0x7c,0x7c,0x64,0x10,0x03,0x03,0x6c,0x03,0x72,0x72,0x50,0x50,0x50,
    0x50,0x03,0x03,0x9d,0x9d,0x9d,0x72,0x72,0x03,0x6c,0x10,0x0d,0x0d,0x57,0x7c,0x7c,0x7c,0x7c,0x7c,0x7c,0x7c,0x7c,0x7c,0x7c,0x7c,0x7c,0x7c,0x7c,0x7c,0x7c,0x7c,0x7c,
    0x7c,0x7c,0x7c,0x7c,0x7c,0x7c,0x7c,0x7c,0x7c,0x7c,0x7c,0x7c,0x7c,0x7c,0x7c,0x7c,0x7c,0x7c,0x7c,0x4f,0x64,0x64,0x71,0x7c,0x83,0x7c,0x71,0x4f,0x7c,0x7c,0x7c,0x7c,
    0x7c,0x7c,0x7c,0x7c,0x7c,0x7c,0x7c,0x7c,0x7c,0x7c,0x7c,0x7c,0x7c,0x7c,0x7c,0x7c,0x7c,0x7c,0x7c,0x7c,0x7c,0x7c,0x7c,0x7c,0x7c,0x7c,0x7c,0x7c,0x7c,0x7c,0x7c,0x7c,
    0x7c,0x7c,0x7c,0x7c,0x7c,0x4f,0x64,0x69,0x71,0x83,0x7c,0x71,0x69,0x4f,0x7c,0x7c,0x7c,0x7c,0x7c,0x7c,0x7c,0x7c,0x7c,0x7c,0x7c,0x7c,0x7c,0x7c,0x7c,0x7c,0x7c,0x7c,
    0x7c,0x7c,0x7c,0x7c,0x7c,0x7c,0x7c,0x7c,0x7c,0x7c,0x7c,0x7c,0x7c,0x7c,0x7c,0x7c,0x7c,0x7c,0x7c,0x7c,0x7c,0x71,0x18,0x03,0x03,0x6c,0x03,0x72,0x72,0x50,0x50,0x50,
    0x50,0x03,0x03,0x9d,0x9d,0x9d,0x72,0x72,0x03,0x6c,0x0d,0x0d,0x24,0x64,0x7c,0x7c,0x7c,0x7c,0x7c,0x7c,0x7c,0x7c,0x7c,0x7c,0x7c,0x7c,0x7c,0x7c,0x7c,0x7c,0x7c,0x7c,
    0x7c,0x7c,0x7c,0x7c,0x7c,0x7c,0x7c,0x7c,0x7c,0x7c,0x7c,0x7c,0x7c,0x7c,0x7c,0x7c,0x7c,0x7c,0x7c,0x4f,0x64,0x64,0x71,0x7c,0x83,0x7c,0x69,0x4f,0x7c,0x7c,0x7c,0x7c,
    0x7c,0x7c,0x7c,0x7c,0x7c,0x7c,0x7c,0x7c,0x7c,0x7c,0x7c,0x7c,0x7c,0x7c,0x7c,0x7c,0x7c,0x7c,0x7c,0x7c,0x7c,0x7c,0x7c,0x7c,0x7c,0x7c,0x7c,0x7c,0x7c,0x7c,0x7c,0x7c,
    0x7c,0x7c,0x7c,0x7c,0x7c,0x4f,0x64,0x69,0x71,0x83,0x7c,0x71,0x69,0x4f,0x7c,0x7c,0x7c,0x7c,0x7c,0x7c,0x7c,0x7c,0x7c,0x7c,0x7c,0x7c,0x7c,0x7c,0x7c,0x7c,0x7c,0x7c,
    0x7c,0x7c,0x7c,0x7c,0x7c,0x7c,0x7c,0x7c,0x7c,0x7c,0x7c,0x7c,0x7c,0x7c,0x7c,0x7c,0x7c,0x7c,0x7c,0x7c,0x7c,0x71,0x32,0x03,0x05,0x6c,0x03,0x72,0x72,0x50,0x50,0x50,
    0x50,0x03,0x03,0x9d,0x9d,0x9d,0x72,0x72,0x03,0x6c,0x08,0x08,0x3d,0x69,0x7c,0x7c,0x7c,0x7c,0x7c,0x7c,0x7c,0x7c,0x7c,0x7c,0x7c,0x7c,0x7c,0x7c,0x7c,0x7c,0x7c,0x7c,
    0x7c,0x7c,0x7c,0x7c,0x7c,0x7c,0x7c,0x7c,0x7c,0x7c,0x7c,0x7c,0x7c,0x7c,0x7c,0x7c,0x7c,0x7c,0x7c,0x4f,0x64,0x64,0x71,0x7c,0x83,0x7c,0x69,0x4f,0x7c,0x7c,0x7c,0x7c,
    0x7c,0x7c,0x7c,0x7c,0x7c,0x7c,0x7c,0x7c,0x7c,0x7c,0x7c,0x7c,0x7c,0x7c,0x7c,0x7c,0x7c,0x7c,0x7c,0x7c,0x7c,0x7c,0x7c,0x7c,0x7c,0x7c,0x7c,0x7c,0x7c,0x7c,0x7c,0x7c,
    0x7c,0x7c,0x7c,0x7c,0x7c,0x4f,0x64,0x69,0x71,0x83,0x7c,0x71,0x69,0x4f,0x7c,0x7c,0x7c,0x7c,0x7c,0x7c,0x7c,0x7c,0x7c,0x7c,0x7c,0x7c,0x7c,0x7c,0x7c,0x7c,0x7c,0x7c,
    0x7c,0x7c,0x7c,0x7c,0x7c,0x7c,0x7c,0x7c,0x7c,0x7c,0x7c,0x7c,0x7c,0x7c,0x7c,0x7c,0x7c,0x7c,0x7c,0x7c,0x7c,0x71,0x32,0x03,0x05,0x6c,0x03,0x72,0x72,0x50,0x50,0x50,
    0x50,0x03,0x03,0x9d,0x9d,0x9d,0x72,0x72,0x03,0x6c,0x08,0x08,0x4f,0x7c,0x7c,0x7c,0x7c,0x7c,0x7c,0x7c,0x7c,0x7c,0x7c,0x7c,0x7c,0x7c,0x7c,0x7c,0x7c,0x7c,0x7c,0x7c,
    0x7c,0x7c,0x7c,0x7c,0x7c,0x7c,0x7c,0x7c,0x7c,0x7c,0x7c,0x7c,0x7c,0x7c,0x7c,0x7c,0x7c,0x7c,0x7c,0x4f,0x64,0x64,0x71,0x7c,0x83,0x7c,0x71,0x4f,0x7c,0x7c,0x7c,0x7c,
    0x7c,0x7c,0x7c,0x7c,0x7c,0x7c,0x7c,0x7c,0x7c,0x7c,0x7c,0x7c,0x7c,0x7c,0x7c,0x7c,0x7c,0x7c,0x7c,0x7c,0x7c,0x7c,0x7c,0x7c,0x7c,0x7c,0x7c,0x7c,0x7c,0x7c,0x7c,0x7c,
    0x7c,0x7c,0x7c,0x7c,0x7c,0x4f,0x64,0x69,0x71,0x83,0x7c,0x71,0x69,0x4f,0x7c,0x7c,0x7c,0x7c,0x7c,0x7c,0x7c,0x7c,0x7c,0x7c,0x7c,0x7c,0x7c,0x7c,0x7c,0x7c,0x7c,0x7c,
    0x7c,0x7c,0x7c,0x7c,0x7c,0x7c,0x7c,0x7c,0x7c,0x7c,0x7c,0x7c,0x7c,0x7c,0x7c,0x7c,0x7c,0x7c,0x7c,0x7c,0x7c,0x71,0x36,0x03,0x03,0x6c,0x03,0x72,0x72,0x50,0x50,0x50,
    0x50,0x03,0x03,0x9d,0x9d,0x9d,0x72,0x72,0x03,0x6c,0x0d,0x08,0x54,0x83,0x83,0x7c,0x7c,0x7c,0x83,0x7c,0x7c,0x7c,0x83,0x7c,0x7c,0x7c,0x7c,0x7c,0x7c,0x7c,0x7c,0x7c,
    0x7c,0x83,0x7c,0x7c,0x7c,0x7c,0x83,0x7c,0x83,0x83,0x7c,0x7c,0x7c,0x83,0x7c,0x83,0x7c,0x83,0x7c,0x4f,0x64,0x64,0x71,0x7c,0x83,0x7c,0x69,0x4f,0x7c,0x7c,0x83,0x7c,
    0x7c,0x83,0x83,0x83,0x7c,0x7c,0x83,0x83,0x7c,0x7c,0x83,0x7c,0x7c,0x83,0x7c,0x7c,0x7c,0x7c,0x83,0x83,0x7c,0x83,0x7c,0x7c,0x7c,0x7c,0x7c,0x7c,0x83,0x7c,0x83,0x7c,
    0x7c,0x7c,0x7c,0x7c,0x7c,0x4f,0x64,0x69,0x71,0x83,0x7c,0x71,0x69,0x4f,0x83,0x7c,0x7c,0x83,0x7c,0x7c,0x7c,0x7c,0x7c,0x83,0x7c,0x83,0x7c,0x7c,0x7c,0x7c,0x7c,0x7c,
    0x7c,0x7c,0x83,0x7c,0x7c,0x7c,0x7c,0x7c,0x7c,0x7c,0x83,0x7c,0x83,0x7c,0x83,0x7c,0x7c,0x7c,0x83,0x83,0x7c,0x71,0x36,0x03,0x03,0x6c,0x03,0x72,0x72,0x50,0x50,0x50,
    0x50,0x03,0x03,0x9d,0x9d,0x9d,0x72,0x72,0x03,0x6c,0x0d,0x08,0x57,0x83,0x83,0x83,0x83,0x83,0x83,0x83,0x83,0x83,0x83,0x83,0x83,0x83,0x83,0x83,0x83,0x83,0x83,0x83,
    0x83,0x83,0x83,0x83,0x83,0x83,0x83,0x83,0x83,0x83,0x83,0x83,0x83,0x83,0x83,0x83,0x83,0x83,0x83,0x54,0x64,0x64,0x71,0x7c,0x83,0x7c,0x69,0x54,0x83,0x83,0x83,0x83,
    0x83,0x83,0x83,0x83,0x83,0x83,0x83,0x83,0x83,0x83,0x83,0x83,0x83,0x83,0x83,0x83,0x83,0x83,0x83,0x83,0x83,0x83,0x83,0x83,0x83,0x83,0x83,0x83,0x83,0x83,0x83,0x83,
    0x83,0x83,0x83,0x83,0x83,0x54,0x64,0x69,0x71,0x83,0x7c,0x71,0x69,0x54,0x83,0x83,0x83,0x83,0x83,0x83,0x83,0x83,0x83,0x83,0x83,0x83,0x83,0x83,0x83,0x83,0x83,0x83,
    0x83,0x83,0x83,0x83,0x83,0x83,0x83,0x83,0x83,0x83,0x83,0x83,0x83,0x83,0x83,0x83,0x83,0x83,0x83,0x83,0x83,0x7c,0x3d,0x05,0x03,0x6c,0x03,0x72,0x72,0x50,0x50,0x50,
    0x50,0x03,0x03,0x9d,0x9d,0x9d,0x72,0x72,0x03,0x6c,0x08,0x06,0x54,0x83,0x83,0x83,0x83,0x83,0x83,0x83,0x83,0x83,0x83,0x83,0x83,0x83,0x83,0x83,0x83,0x83,0x83,0x83,
    0x83,0x83,0x83,0x83,0x83,0x83,0x83,0x83,0x83,0x83,0x83,0x83,0x83,0x83,0x83,0x83,0x83,0x83,0x83,0x54,0x64,0x64,0x71,0x7c,0x83,0x7c,0x69,0x54,0x83,0x83,0x83,0x83,
    0x83,0x83,0x83,0x83,0x83,0x83,0x83,0x83,0x83,0x83,0x83,0x83,0x83,0x83,0x83,0x83,0x83,0x83,0x83,0x83,0x83,0x83,0x83,0x83,0x83,0x83,0x83,0x83,0x83,0x83,0x83,0x83,
    0x83,0x83,0x83,0x83,0x83,0x54,0x64,0x69,0x71,0x83,0x7c,0x71,0x69,0x54,0x83,0x83,0x83,0x83,0x83,0x83,0x83,0x83,0x83,0x83,0x83,0x83,0x83,0x83,0x83,0x83,0x83,0x83,
    0x83,0x83,0x83,0x83,0x83,0x83,0x83,0x83,0x83,0x83,0x83,0x83,0x83,0x83,0x83,0x83,0x83,0x83,0x83,0x83,0x83,0x83,0x47,0x05,0x03,0x6c,0x03,0x72,0x72,0x50,0x50,0x50,
    0x50,0x03,0x03,0x9d,0x9d,0x9d,0x72,0x72,0x03,0x6c,0x08,0x04,0x54,0x83,0x83,0x83,0x83,0x83,0x83,0x83,0x83,0x83,0x83,0x83,0x83,0x83,0x83,0x83,0x83,0x83,0x83,0x83,
    0x83,0x83,0x83,0x83,0x83,0x83,0x83,0x83,0x83,0x83,0x83,0x83,0x83,0x83,0x83,0x83,0x83,0x83,0x83,0x54,0x64,0x64,0x71,0x7c,0x83,0x7c,0x69,0x54,0x83,0x83,0x83,0x83,
    0x83,0x83,0x83,0x83,0x83,0x83,0x83,0x83,0x83,0x83,0x83,0x83,0x83,0x83,0x83,0x83,0x83,0x83,0x83,0x83,0x83,0x83,0x83,0x83,0x83,0x83,0x83,0x83,0x83,0x83,0x83,0x83,
    0x83,0x83,0x83,0x83,0x83,0x54,0x64,0x69,0x71,0x83,0x7c,0x71,0x69,0x54,0x83,0x83,0x83,0x83,0x83,0x83,0x83,0x83,0x83,0x83,0x83,0x83,0x83,0x83,0x83,0x83,0x83,0x83,
    0x83,0x83,0x83,0x83,0x83,0x83,0x83,0x83,0x83,0x83,0x83,0x83,0x83,0x83,0x83,0x83,0x83,0x83,0x83,0x83,0x83,0x83,0x47,0x03,0x03,0x6c,0x03,0x72,0x72,0x50,0x50,0x50,
    0x50,0x03,0x03,0x9d,0x9d,0x9d,0x72,0x72,0x03,0x6c,0x03,0x15,0x64,0x83,0x83,0x83,0x83,0x83,0x83,0x83,0x83,0x83,0x83,0x83,0x83,0x83,0x83,0x83,0x83,0x83,0x83,0x83,
    0x83,0x83,0x83,0x83,0x83,0x83,0x83,0x83,0x83,0x83,0x83,0x83,0x83,0x83,0x83,0x83,0x83,0x83,0x83,0x54,0x64,0x64,0x71,0x7c,0x83,0x7c,0x69,0x54,0x83,0x83,0x83,0x83,
    0x83,0x83,0x83,0x83,0x83,0x83,0x83,0x83,0x83,0x83,0x83,0x83,0x83,0x83,0x83,0x83,0x83,0x83,0x83,0x83,0x83,0x83,0x83,0x83,0x83,0x83,0x83,0x83,0x83,0x83,0x83,0x83,
    0x83,0x83,0x83,0x83,0x83,0x54,0x64,0x69,0x71,0x83,0x7c,0x71,0x69,0x54,0x83,0x83,0x83,0x83,0x83,0x83,0x83,0x83,0x83,0x83,0x83,0x83,0x83,0x83,0x83,0x83,0x83,0x83,
    0x83,0x83,0x83,0x83,0x83,0x83,0x83,0x83,0x83,0x83,0x83,0x83,0x83,0x83,0x83,0x83,0x83,0x83,0x83,0x83,0x83,0x83,0x4f,0x03,0x03,0x6c,0x03,0x72,0x72,0x50,0x50,0x50,
    0x50,0x03,0x03,0x9d,0x9d,0x9d,0x72,0x72,0x03,0x6c,0x0d,0x18,0x69,0x83,0x83,0x83,0x83,0x83,0x83,0x83,0x83,0x83,0x83,0x83,0x83,0x83,0x83,0x83,0x83,0x83,0x83,0x83,
    0x83,0x83,0x83,0x83,0x83,0x83,0x83,0x83,0x83,0x83,0x83,0x83,0x83,0x83,0x83,0x83,0x83,0x83,0x83,0x54,0x64,0x64,0x71,0x7c,0x83,0x7c,0x69,0x54,0x83,0x83,0x83,0x83,
    0x83,0x83,0x83,0x83,0x83,0x83,0x83,0x83,0x83,0x83,0x83,0x83,0x83,0x83,0x83,0x83,0x83,0x83,0x83,0x83,0x83,0x83,0x83,0x83,0x83,0x83,0x83,0x83,0x83,0x83,0x83,0x83,
    0x83,0x83,0x83,0x83,0x83,0x54,0x64,0x69,0x71,0x83,0x7c,0x71,0x69,0x54,0x83,0x83,0x83,0x83,0x83,0x83,0x83,0x83,0x83,0x83,0x83,0x83,0x83,0x83,0x83,0x83,0x83,0x83,
    0x83,0x83,0x83,0x83,0x83,0x83,0x83,0x83,0x83,0x83,0x83,0x83,0x83,0x83,0x83,0x83,0x83,0x83,0x83,0x83,0x83,0x83,0x4f,0x05,0x03,0x6c,0x03,0x72,0x72,0x50,0x50,0x50,
    0x50,0x03,0x03,0x9d,0x9d,0x9d,0x72,0x72,0x03,0x6c,0x0d,0x18,0x69,0x83,0x83,0x83,0x83,0x83,0x83,0x83,0x83,0x83,0x83,0x83,0x83,0x83,0x83,0x83,0x83,0x83,0x83,0x83,
    0x83,0x83,0x83,0x83,0x83,0x83,0x83,0x83,0x83,0x83,0x83,0x83,0x83,0x83,0x83,0x83,0x83,0x83,0x83,0x54,0x64,0x64,0x71,0x7c,0x83,0x7c,0x69,0x54,0x83,0x83,0x83,0x83,
    0x83,0x83,0x83,0x83,0x83,0x83,0x83,0x83,0x83,0x83,0x83,0x83,0x83,0x83,0x83,0x83,0x83,0x83,0x83,0x83,0x83,0x83,0x83,0x83,0x83,0x83,0x83,0x83,0x83,0x83,0x83,0x83,
    0x83,0x83,0x83,0x83,0x83,0x54,0x64,0x69,0x71,0x83,0x7c,0x71,0x69,0x54,0x83,0x83,0x83,0x83,0x83,0x83,0x83,0x83,0x83,0x83,0x83,0x83,0x83,0x83,0x83,0x83,0x83,0x83,
    0x83,0x83,0x83,0x83,0x83,0x83,0x83,0x83,0x83,0x83,0x83,0x83,0x83,0x83,0x83,0x83,0x83,0x83,0x83,0x83,0x83,0x83,0x57,0x07,0x03,0x6c,0x03,0x72,0x72,0x50,0x50,0x50,
    0x50,0x03,0x03,0x9d,0x9d,0x9d,0x72,0x72,0x03,0x6c,0x0d,0x18,0x69,0x83,0x83,0x83,0x83,0x83,0x83,0x83,0x83,0x83,0x83,0x83,0x83,0x83,0x83,0x83,0x83,0x83,0x83,0x83,
    0x83,0x83,0x83,0x83,0x83,0x83,0x83,0x83,0x83,0x83,0x83,0x83,0x83,0x83,0x83,0x83,0x83,0x83,0x83,0x54,0x64,0x64,0x71,0x7c,0x83,0x7c,0x71,0x54,0x83,0x83,0x83,0x83,
    0x83,0x83,0x83,0x83,0x83,0x83,0x83,0x83,0x83,0x83,0x83,0x83,0x83,0x83,0x83,0x83,0x83,0x83,0x83,0x83,0x83,0x83,0x83,0x83,0x83,0x83,0x83,0x83,0x83,0x83,0x83,0x83,
    0x83,0x83,0x83,0x83,0x83,0x54,0x64,0x69,0x71,0x83,0x7c,0x71,0x69,0x54,0x83,0x83,0x83,0x83,0x83,0x83,0x83,0x83,0x83,0x83,0x83,0x83,0x83,0x83,0x83,0x83,0x83,0x83,
    0x83,0x83,0x83,0x83,0x83,0x83,0x83,0x83,0x83,0x83,0x83,0x83,0x83,0x83,0x83,0x83,0x83,0x83,0x83,0x83,0x83,0x83,0x57,0x08,0x03,0x6c,0x03,0x72,0x72,0x50,0x50,0x50,
    0x50,0x03,0x03,0x9d,0x9d,0x9d,0x72,0x72,0x03,0x6c,0x0d,0x18,0x69,0x83,0x83,0x83,0x83,0x83,0x83,0x83,0x83,0x83,0x83,0x83,0x83,0x83,0x83,0x83,0x83,0x83,0x83,0x83,
    0x83,0x83,0x83,0x83,0x83,0x83,0x83,0x83,0x83,0x83,0x83,0x83,0x83,0x83,0x83,0x83,0x83,0x83,0x83,0x54,0x64,0x64,0x71,0x7c,0x83,0x7c,0x71,0x54,0x83,0x83,0x83,0x83,
    0x83,0x83,0x83,0x83,0x83,0x83,0x83,0x83,0x83,0x83,0x83,0x83,0x83,0x83,0x83,0x83,0x83,0x83,0x83,0x83,0x83,0x83,0x83,0x83,0x83,0x83,0x83,0x83,0x83,0x83,0x83,0x83,
    0x83,0x83,0x83,0x83,0x83,0x54,0x64,0x69,0x71,0x83,0x7c,0x71,0x69,0x54,0x83,0x83,0x83,0x83,0x83,0x83,0x83,0x83,0x83,0x83,0x83,0x83,0x83,0x83,0x83,0x83,0x83,0x83,
    0x83,0x83,0x83,0x83,0x83,0x83,0x83,0x83,0x83,0x83,0x83,0x83,0x83,0x83,0x83,0x83,0x83,0x83,0x83,0x83,0x83,0x83,0x5e,0x0d,0x06,0x6c,0x03,0x72,0x72,0x50,0x50,0x50,
    0x50,0x03,0x03,0x9d,0x9d,0x9d,0x72,0x72,0x03,0x6c,0x0d,0x18,0x69,0x83,0x83,0x83,0x83,0x83,0x83,0x83,0x83,0x83,0x83,0x83,0x83,0x83,0x83,0x83,0x83,0x83,0x83,0x83,
    0x83,0x83,0x83,0x83,0x83,0x83,0x83,0x83,0x83,0x83,0x83,0x83,0x83,0x83,0x83,0x83,0x83,0x83,0x83,0x54,0x64,0x64,0x71,0x7c,0x83,0x7c,0x69,0x54,0x83,0x83,0x83,0x83,
    0x83,0x83,0x83,0x83,0x83,0x83,0x83,0x83,0x83,0x83,0x83,0x83,0x83,0x83,0x83,0x83,0x83,0x83,0x83,0x83,0x83,0x83,0x83,0x83,0x83,0x83,0x83,0x83,0x83,0x83,0x83,0x83,
    0x83,0x83,0x83,0x83,0x83,0x54,0x64,0x69,0x71,0x83,0x7c,0x71,0x69,0x54,0x83,0x83,0x83,0x83,0x83,0x83,0x83,0x83,0x83,0x83,0x83,0x83,0x83,0x83,0x83,0x83,0x83,0x83,
    0x83,0x83,0x83,0x83,0x83,0x83,0x83,0x83,0x83,0x83,0x83,0x83,0x83,0x83,0x83,0x83,0x83,0x83,0x83,0x83,0x83,0x83,0x5e,0x0d,0x08,0x6c,0x03,0x72,0x72,0x50,0x50,0x50,
    0x50,0x03,0x03,0x9d,0x9d,0x9d,0x72,0x72,0x03,0x6c,0x0d,0x18,0x69,0x83,0x83,0x83,0x83,0x83,0x83,0x83,0x83,0x83,0x83,0x83,0x83,0x83,0x83,0x83,0x83,0x83,0x83,0x83,
    0x83,0x83,0x83,0x83,0x83,0x83,0x83,0x83,0x83,0x83,0x83,0x83,0x83,0x83,0x83,0x83,0x83,0x83,0x83,0x54,0x64,0x64,0x71,0x7c,0x83,0x7c,0x69,0x54,0x83,0x83,0x83,0x83,
    0x83,0x83,0x83,0x83,0x83,0x83,0x83,0x83,0x83,0x83,0x83,0x83,0x83,0x83,0x83,0x83,0x83,0x83,0x83,0x83,0x83,0x83,0x83,0x83,0x83,0x83,0x83,0x83,0x83,0x83,0x83,0x83,
    0x83,0x83,0x83,0x83,0x83,0x54,0x64,0x69,0x71,0x83,0x7c,0x71,0x69,0x54,0x83,0x83,0x83,0x83,0x83,0x83,0x83,0x83,0x83,0x83,0x83,0x83,0x83,0x83,0x83,0x83,0x83,0x83,
    0x83,0x83,0x83,0x83,0x83,0x83,0x83,0x83,0x83,0x83,0x83,0x83,0x83,0x83,0x83,0x83,0x83,0x83,0x83,0x83,0x83,0x83,0x64,0x10,0x06,0x6c,0x03,0x72,0x72,0x50,0x50,0x50,
    0x50,0x03,0x03,0x9d,0x9d,0x9d,0x72,0x72,0x03,0x6c,0x0d,0x18,0x69,0x83,0x83,0x83,0x83,0x83,0x83,0x83,0x83,0x83,0x83,0x83,0x83,0x83,0x83,0x83,0x83,0x83,0x83,0x83,
    0x83,0x83,0x83,0x83,0x83,0x83,0x83,0x83,0x83,0x83,0x83,0x83,0x83,0x83,0x83,0x83,0x83,0x83,0x83,0x54,0x64,0x64,0x71,0x7c,0x83,0x7c,0x71,0x54,0x83,0x83,0x83,0x83,
    0x83,0x83,0x83,0x83,0x83,0x83,0x83,0x83,0x83,0x83,0x83,0x83,0x83,0x83,0x83,0x83,0x83,0x83,0x83,0x83,0x83,0x83,0x83,0x83,0x83,0x83,0x83,0x83,0x83,0x83,0x83,0x83,
    0x83,0x83,0x83,0x83,0x83,0x54,0x64,0x69,0x71,0x83,0x7c,0x71,0x69,0x54,0x83,0x83,0x83,0x83,0x83,0x83,0x83,0x83,0x83,0x83,0x83,0x83,0x83,0x83,0x83,0x83,0x83,0x83,
    0x83,0x83,0x83,0x83,0x83,0x83,0x83,0x83,0x83,0x83,0x83,0x83,0x83,0x83,0x83,0x83,0x83,0x83,0x83,0x83,0x83,0x83,0x64,0x15,0x06,0x6c,0x03,0x72,0x72,0x50,0x50,0x50,
    0x50,0x03,0x03,0x9d,0x9d,0x9d,0x72,0x72,0x03,0x6c,0x0d,0x18,0x69,0x83,0x83,0x83,0x83,0x83,0x83,0x83,0x83,0x83,0x83,0x83,0x83,0x83,0x83,0x83,0x83,0x83,0x83,0x83,
    0x83,0x83,0x83,0x83,0x83,0x83,0x83,0x83,0x83,0x83,0x83,0x83,0x83,0x83,0x83,0x83,0x83,0x83,0x83,0x54,0x64,0x64,0x71,0x7c,0x83,0x7c,0x69,0x54,0x83,0x83,0x83,0x83,
    0x83,0x83,0x83,0x83,0x83,0x83,0x83,0x83,0x83,0x83,0x83,0x83,0x83,0x83,0x83,0x83,0x83,0x83,0x83,0x83,0x83,0x83,0x83,0x83,0x83,0x83,0x83,0x83,0x83,0x83,0x83,0x83,
    0x83,0x83,0x83,0x83,0x83,0x54,0x64,0x69,0x71,0x83,0x7c,0x71,0x69,0x54,0x83,0x83,0x83,0x83,0x83,0x83,0x83,0x83,0x83,0x83,0x83,0x83,0x83,0x83,0x83,0x83,0x83,0x83,
    0x83,0x83,0x83,0x83,0x83,0x83,0x83,0x83,0x83,0x83,0x83,0x83,0x83,0x83,0x83,0x83,0x83,0x83,0x83,0x83,0x83,0x83,0x64,0x15,0x06,0x6c,0x03,0x72,0x72,0x50,0x50,0x50,
    0x50,0x03,0x03,0x9d,0x9d,0x9d,0x72,0x72,0x03,0x6c,0x0d,0x18,0x69,0x83,0x83,0x83,0x83,0x83,0x83,0x83,0x83,0x83,0x83,0x83,0x83,0x83,0x83,0x83,0x83,0x83,0x83,0x83,
    0x83,0x83,0x83,0x83,0x83,0x83,0x83,0x83,0x83,0x83,0x83,0x83,0x83,0x83,0x83,0x83,0x83,0x83,0x83,0x54,0x64,0x64,0x71,0x7c,0x83,0x7c,0x69,0x54,0x83,0x83,0x83,0x83,
    0x83,0x83,0x83,0x83,0x83,0x83,0x83,0x83,0x83,0x83,0x83,0x83,0x83,0x83,0x83,0x83,0x83,0x83,0x83,0x83,0x83,0x83,0x83,0x83,0x83,0x83,0x83,0x83,0x83,0x83,0x83,0x83,
    0x83,0x83,0x83,0x83,0x83,0x54,0x64,0x69,0x71,0x83,0x7c,0x71,0x69,0x54,0x83,0x83,0x83,0x83,0x83,0x83,0x83,0x83,0x83,0x83,0x83,0x83,0x83,0x83,0x83,0x83,0x83,0x83,
    0x83,0x83,0x83,0x83,0x83,0x83,0x83,0x83,0x83,0x83,0x83,0x83,0x83,0x83,0x83,0x83,0x83,0x83,0x83,0x83,0x83,0x83,0x64,0x15,0x06,0x6c,0x03,0x72,0x72,0x50,0x50,0x50,
    0x50,0x03,0x03,0x9d,0x9d,0x9d,0x72,0x72,0x03,0x6c,0x0d,0x18,0x69,0x83,0x83,0x83,0x83,0x83,0x83,0x83,0x83,0x83,0x83,0x83,0x8e,0x83,0x83,0x83,0x83,0x83,0x83,0x83,
    0x83,0x83,0x83,0x83,0x83,0x83,0x83,0x83,0x83,0x83,0x83,0x83,0x83,0x83,0x83,0x83,0x83,0x83,0x83,0x54,0x64,0x64,0x71,0x7c,0x83,0x7c,0x69,0x54,0x83,0x83,0x83,0x83,
    0x83,0x83,0x83,0x83,0x83,0x83,0x83,0x83,0x83,0x83,0x83,0x83,0x83,0x83,0x83,0x83,0x83,0x83,0x83,0x83,0x83,0x83,0x83,0x83,0x83,0x83,0x83,0x83,0x83,0x83,0x83,0x83,
    0x83,0x83,0x83,0x83,0x83,0x54,0x64,0x69,0x71,0x83,0x7c,0x71,0x69,0x54,0x83,0x83,0x83,0x83,0x83,0x83,0x83,0x83,0x83,0x83,0x83,0x83,0x83,0x83,0x83,0x83,0x83,0x83,
    0x83,0x83,0x83,0x83,0x83,0x83,0x83,0x83,0x83,0x83,0x83,0x83,0x83,0x83,0x83,0x83,0x83,0x83,0x83,0x83,0x83,0x83,0x64,0x15,0x06,0x6c,0x03,0x72,0x72,0x50,0x50,0x50,
    0x50,0x03,0x03,0x9d,0x9d,0x9d,0x72,0x72,0x03,0x6c,0x0d,0x18,0x69,0x8e,0x8e,0x8e,0x8e,0x83,0x8e,0x8e,0x8e,0x8e,0x8e,0x8e,0x8e,0x8e,0x8e,0x8e,0x8e,0x8e,0x8e,0x8e,
    0x8e,0x8e,0x8e,0x8e,0x8e,0x8e,0x8e,0x8e,0x8e,0x8e,0x8e,0x8e,0x8e,0x8e,0x8e,0x8e,0x8e,0x8e,0x8e,0x54,0x64,0x64,0x71,0x7c,0x83,0x7c,0x71,0x54,0x8e,0x8e,0x8e,0x8e,
    0x8e,0x8e,0x8e,0x8e,0x8e,0x8e,0x8e,0x8e,0x8e,0x8e,0x8e,0x8e,0x8e,0x8e,0x8e,0x8e,0x8e,0x83,0x8e,0x8e,0x8e,0x8e,0x83,0x8e,0x8e,0x8e,0x8e,0x8e,0x8e,0x8e,0x8e,0x8e,
    0x8e,0x8e,0x8e,0x8e,0x8e,0x54,0x64,0x69,0x71,0x83,0x7c,0x71,0x69,0x54,0x8e,0x8e,0x8e,0x8e,0x8e,0x8e,0x8e,0x8e,0x8e,0x8e,0x8e,0x8e,0x8e,0x8e,0x8e,0x8e,0x8e,0x8e,
    0x8e,0x8e,0x8e,0x8e,0x8e,0x8e,0x8e,0x8e,0x8e,0x8e,0x8e,0x8e,0x8e,0x8e,0x8e,0x8e,0x8e,0x8e,0x8e,0x8e,0x8e,0x8e,0x69,0x15,0x06,0x6c,0x03,0x72,0x72,0x50,0x50,0x50,
    0x50,0x03,0x03,0x9d,0x9d,0x9d,0x72,0x72,0x03,0x6c,0x0d,0x18,0x71,0x8e,0x8e,0x8e,0x8e,0x8e,0x8e,0x8e,0x8e,0x8e,0x8e,0x8e,0x8e,0x8e,0x8e,0x8e,0x8e,0x8e,0x8e,0x8e,
    0x8e,0x8e,0x8e,0x8e,0x8e,0x8e,0x8e,0x8e,0x8e,0x8e,0x8e,0x8e,0x8e,0x8e,0x8e,0x8e,0x8e,0x8e,0x8e,0x54,0x64,0x64,0x71,0x7c,0x83,0x7c,0x69,0x54,0x8e,0x8e,0x8e,0x8e,
    0x8e,0x8e,0x8e,0x8e,0x8e,0x8e,0x8e,0x8e,0x8e,0x8e,0x8e,0x8e,0x8e,0x8e,0x8e,0x8e,0x8e,0x8e,0x8e,0x8e,0x8e,0x8e,0x8e,0x8e,0x8e,0x8e,0x8e,0x8e,0x8e,0x8e,0x8e,0x8e,
    0x8e,0x8e,0x8e,0x8e,0x8e,0x54,0x64,0x69,0x71,0x83,0x7c,0x71,0x69,0x54,0x8e,0x8e,0x8e,0x8e,0x8e,0x8e,0x8e,0x8e,0x8e,0x8e,0x8e,0x8e,0x8e,0x8e,0x8e,0x8e,0x8e,0x8e,
    0x8e,0x8e,0x8e,0x8e,0x8e,0x8e,0x8e,0x8e,0x8e,0x8e,0x8e,0x8e,0x8e,0x8e,0x8e,0x8e,0x8e,0x8e,0x8e,0x8e,0x8e,0x8e,0x69,0x15,0x06,0x6c,0x03,0x72,0x72,0x50,0x50,0x50,
    0x50,0x03,0x03,0x9d,0x9d,0x9d,0x72,0x72,0x03,0x6c,0x0d,0x18,0x69,0x8e,0x8e,0x8e,0x8e,0x8e,0x8e,0x8e,0x8e,0x8e,0x8e,0x8e,0x8e,0x8e,0x8e,0x8e,0x8e,0x8e,0x8e,0x8e,
    0x8e,0x8e,0x8e,0x8e,0x8e,0x8e,0x8e,0x8e,0x8e,0x8e,0x8e,0x8e,0x8e,0x8e,0x8e,0x8e,0x8e,0x8e,0x8e,0x54,0x64,0x64,0x71,0x7c,0x83,0x7c,0x71,0x54,0x8e,0x8e,0x8e,0x8e,
    0x8e,0x8e,0x8e,0x8e,0x8e,0x8e,0x8e,0x8e,0x8e,0x8e,0x8e,0x8e,0x8e,0x8e,0x8e,0x8e,0x8e,0x8e,0x8e,0x8e,0x8e,0x8e,0x8e,0x8e,0x8e,0x8e,0x8e,0x8e,0x8e,0x8e,0x8e,0x8e,
    0x8e,0x8e,0x8e,0x8e,0x8e,0x54,0x64,0x69,0x71,0x83,0x7c,0x71,0x69,0x54,0x8e,0x8e,0x8e,0x8e,0x8e,0x8e,0x8e,0x8e,0x8e,0x8e,0x8e,0x8e,0x8e,0x8e,0x8e,0x8e,0x8e,0x8e,
    0x8e,0x8e,0x8e,0x8e,0x8e,0x8e,0x8e,0x8e,0x8e,0x8e,0x8e,0x8e,0x8e,0x8e,0x8e,0x8e,0x8e,0x8e,0x8e,0x8e,0x8e,0x8e,0x69,0x15,0x06,0x6c,0x03,0x72,0x72,0x50,0x50,0x50,
    0x50,0x03,0x03,0x9d,0x9d,0x9d,0x72,0x72,0x03,0x6c,0x0d,0x18,0x69,0x8e,0x8e,0x8e,0x8e,0x8e,0x8e,0x8e,0x8e,0x8e,0x8e,0x8e,0x8e,0x8e,0x8e,0x8e,0x8e,0x8e,0x8e,0x8e,
    0x8e,0x8e,0x8e,0x8e,0x8e,0x8e,0x8e,0x8e,0x8e,0x8e,0x8e,0x8e,0x8e,0x8e,0x8e,0x8e,0x8e,0x8e,0x8e,0x54,0x64,0x64,0x71,0x7c,0x83,0x7c,0x69,0x54,0x8e,0x8e,0x8e,0x8e,
    0x8e,0x8e,0x8e,0x8e,0x8e,0x8e,0x8e,0x8e,0x8e,0x8e,0x8e,0x8e,0x8e,0x8e,0x8e,0x8e,0x8e,0x8e,0x8e,0x8e,0x8e,0x8e,0x8e,0x8e,0x8e,0x8e,0x8e,0x8e,0x8e,0x8e,0x8e,0x8e,
    0x8e,0x8e,0x8e,0x8e,0x8e,0x54,0x64,0x69,0x71,0x83,0x7c,0x71,0x69,0x54,0x8e,0x8e,0x8e,0x8e,0x8e,0x8e,0x8e,0x8e,0x8e,0x8e,0x8e,0x8e,0x8e,0x8e,0x8e,0x8e,0x8e,0x8e,
    0x8e,0x8e,0x8e,0x8e,0x8e,0x8e,0x8e,0x8e,0x8e,0x8e,0x8e,0x8e,0x8e,0x8e,0x8e,0x8e,0x8e,0x8e,0x8e,0x8e,0x8e,0x8e,0x69,0x18,0x06,0x6c,0x03,0x72,0x72,0x50,0x50,0x50,
    0x50,0x03,0x03,0x9d,0x9d,0x9d,0x72,0x72,0x03,0x6c,0x0d,0x18,0x71,0x8e,0x8e,0x8e,0x8e,0x8e,0x8e,0x8e,0x8e,0x8e,0x8e,0x8e,0x8e,0x8e,0x8e,0x8e,0x8e,0x8e,0x8e,0x8e,
    0x8e,0x8e,0x8e,0x8e,0x8e,0x8e,0x8e,0x8e,0x8e,0x8e,0x8e,0x8e,0x8e,0x8e,0x8e,0x8e,0x8e,0x8e,0x8e,0x54,0x64,0x64,0x71,0x7c,0x83,0x7c,0x69,0x54,0x8e,0x8e,0x8e,0x8e,
    0x8e,0x8e,0x8e,0x8e,0x8e,0x8e,0x8e,0x8e,0x8e,0x8e,0x8e,0x8e,0x8e,0x8e,0x8e,0x8e,0x8e,0x8e,0x8e,0x8e,0x8e,0x8e,0x8e,0x8e,0x8e,0x8e,0x8e,0x8e,0x8e,0x8e,0x8e,0x8e,
    0x8e,0x8e,0x8e,0x8e,0x8e,0x54,0x64,0x69,0x71,0x83,0x7c,0x71,0x69,0x54,0x8e,0x8e,0x8e,0x8e,0x8e,0x8e,0x8e,0x8e,0x8e,0x8e,0x8e,0x8e,0x8e,0x8e,0x8e,0x8e,0x8e,0x8e,
    0x8e,0x8e,0x8e,0x8e,0x8e,0x8e,0x8e,0x8e,0x8e,0x8e,0x8e,0x8e,0x8e,0x8e,0x8e,0x8e,0x8e,0x8e,0x8e,0x8e,0x8e,0x8e,0x69,0x18,0x06,0x6c,0x03,0x72,0x72,0x50,0x50,0x50,
    0x50,0x03,0x03,0x9d,0x9d,0x9d,0x72,0x72,0x03,0x6c,0x0d,0x18,0x69,0x8e,0x8e,0x8e,0x8e,0x8e,0x8e,0x8e,0x8e,0x8e,0x8e,0x8e,0x8e,0x8e,0x8e,0x8e,0x8e,0x8e,0x8e,0x8e,
    0x8e,0x8e,0x8e,0x8e,0x8e,0x8e,0x8e,0x8e,0x8e,0x8e,0x8e,0x8e,0x8e,0x8e,0x8e,0x8e,0x8e,0x8e,0x8e,0x54,0x64,0x64,0x71,0x7c,0x83,0x7c,0x71,0x54,0x8e,0x8e,0x8e,0x8e,
    0x8e,0x8e,0x8e,0x8e,0x8e,0x8e,0x8e,0x8e,0x8e,0x8e,0x8e,0x8e,0x8e,0x8e,0x8e,0x8e,0x8e,0x8e,0x8e,0x8e,0x8e,0x8e,0x8e,0x8e,0x8e,0x8e,0x8e,0x8e,0x8e,0x8e,0x8e,0x8e,
    0x8e,0x8e,0x8e,0x8e,0x8e,0x54,0x64,0x69,0x71,0x83,0x7c,0x71,0x69,0x54,0x8e,0x8e,0x8e,0x8e,0x8e,0x8e,0x8e,0x8e,0x8e,0x8e,0x8e,0x8e,0x8e,0x8e,0x8e,0x8e,0x8e,0x8e,
    0x8e,0x8e,0x8e,0x8e,0x8e,0x8e,0x8e,0x8e,0x8e,0x8e,0x8e,0x8e,0x8e,0x8e,0x8e,0x8e,0x8e,0x8e,0x8e,0x8e,0x8e,0x8e,0x69,0x18,0x06,0x6c,0x03,0x72,0x72,0x50,0x50,0x50,
    0x50,0x03,0x03,0x9d,0x9d,0x9d,0x72,0x72,0x03,0x6c,0x0d,0x18,0x71,0x8e,0x8e,0x8e,0x8e,0x8e,0x8e,0x8e,0x8e,0x8e,0x8e,0x8e,0x8e,0x8e,0x8e,0x8e,0x8e,0x8e,0x8e,0x8e,
    0x8e,0x8e,0x8e,0x8e,0x8e,0x8e,0x8e,0x8e,0x8e,0x8e,0x8e,0x8e,0x8e,0x8e,0x8e,0x8e,0x8e,0x8e,0x8e,0x54,0x64,0x64,0x71,0x7c,0x83,0x7c,0x71,0x54,0x8e,0x8e,0x8e,0x8e,
    0x8e,0x8e,0x8e,0x8e,0x8e,0x8e,0x8e,0x8e,0x8e,0x8e,0x8e,0x8e,0x8e,0x8e,0x8e,0x8e,0x8e,0x8e,0x8e,0x8e,0x8e,0x8e,0x8e,0x8e,0x8e,0x8e,0x8e,0x8e,0x8e,0x8e,0x8e,0x8e,
    0x8e,0x8e,0x8e,0x8e,0x8e,0x54,0x64,0x69,0x71,0x83,0x7c,0x71,0x69,0x54,0x8e,0x8e,0x8e,0x8e,0x8e,0x8e,0x8e,0x8e,0x8e,0x8e,0x8e,0x8e,0x8e,0x8e,0x8e,0x8e,0x8e,0x8e,
    0x8e,0x8e,0x8e,0x8e,0x8e,0x8e,0x8e,0x8e,0x8e,0x8e,0x8e,0x8e,0x8e,0x8e,0x8e,0x8e,0x8e,0x8e,0x8e,0x8e,0x8e,0x8e,0x69,0x18,0x06,0x6c,0x03,0x72,0x72,0x50,0x50,0x50,
    0x50,0x03,0x03,0x9d,0x9d,0x9d,0x72,0x72,0x03,0x6c,0x0d,0x18,0x69,0x8e,0x8e,0x8e,0x8e,0x8e,0x8e,0x8e,0x8e,0x8e,0x8e,0x8e,0x8e,0x8e,0x8e,0x8e,0x8e,0x8e,0x8e,0x8e,
    0x8e,0x8e,0x8e,0x8e,0x8e,0x8e,0x8e,0x8e,0x8e,0x8e,0x8e,0x8e,0x8e,0x8e,0x8e,0x8e,0x8e,0x8e,0x8e,0x54,0x64,0x64,0x71,0x7c,0x83,0x7c,0x69,0x54,0x8e,0x8e,0x8e,0x8e,
    0x8e,0x8e,0x8e,0x8e,0x8e,0x8e,0x8e,0x8e,0x8e,0x8e,0x8e,0x8e,0x8e,0x8e,0x8e,0x8e,0x8e,0x8e,0x8e,0x8e,0x8e,0x8e,0x8e,0x8e,0x8e,0x8e,0x8e,0x8e,0x8e,0x8e,0x8e,0x8e,
    0x8e,0x8e,0x8e,0x8e,0x8e,0x54,0x64,0x69,0x71,0x83,0x7c,0x71,0x69,0x54,0x8e,0x8e,0x8e,0x8e,0x8e,0x8e,0x8e,0x8e,0x8e,0x8e,0x8e,0x8e,0x8e,0x8e,0x8e,0x8e,0x8e,0x8e,
    0x8e,0x8e,0x8e,0x8e,0x8e,0x8e,0x8e,0x8e,0x8e,0x8e,0x8e,0x8e,0x8e,0x8e,0x8e,0x8e,0x8e,0x8e,0x8e,0x8e,0x8e,0x8e,0x69,0x18,0x06,0x6c,0x03,0x72,0x72,0x50,0x50,0x50,
    0x50,0x03,0x03,0x9d,0x9d,0x9d,0x72,0x72,0x03,0x6c,0x0d,0x18,0x69,0x8e,0x8e,0x8e,0x8e,0x8e,0x8e,0x8e,0x8e,0x8e,0x8e,0x8e,0x8e,0x8e,0x8e,0x8e,0x8e,0x8e,0x8e,0x8e,
    0x8e,0x8e,0x8e,0x8e,0x8e,0x8e,0x8e,0x8e,0x8e,0x8e,0x8e,0x8e,0x8e,0x8e,0x8e,0x8e,0x8e,0x8e,0x8e,0x54,0x64,0x64,0x71,0x7c,0x83,0x7c,0x69,0x54,0x8e,0x8e,0x8e,0x8e,
    0x8e,0x8e,0x8e,0x8e,0x8e,0x8e,0x8e,0x8e,0x8e,0x8e,0x8e,0x8e,0x8e,0x8e,0x8e,0x8e,0x8e,0x8e,0x8e,0x8e,0x8e,0x8e,0x8e,0x8e,0x8e,0x8e,0x8e,0x8e,0x8e,0x8e,0x8e,0x8e,
    0x8e,0x8e,0x8e,0x8e,0x8e,0x54,0x64,0x69,0x71,0x83,0x7c,0x71,0x69,0x54,0x8e,0x8e,0x8e,0x8e,0x8e,0x8e,0x8e,0x8e,0x8e,0x8e,0x8e,0x8e,0x8e,0x8e,0x8e,0x8e,0x8e,0x8e,
    0x8e,0x8e,0x8e,0x8e,0x8e,0x8e,0x8e,0x8e,0x8e,0x8e,0x8e,0x8e,0x8e,0x8e,0x8e,0x8e,0x8e,0x8e,0x8e,0x8e,0x8e,0x8e,0x69,0x18,0x06,0x6c,0x03,0x72,0x72,0x50,0x50,0x50,
    0x50,0x03,0x03,0x9d,0x9d,0x9d,0x72,0x72,0x03,0x6c,0x0d,0x18,0x71,0x8e,0x8e,0x8e,0x8e,0x8e,0x8e,0x8e,0x8e,0x8e,0x8e,0x8e,0x8e,0x8e,0x8e,0x8e,0x8e,0x8e,0x8e,0x8e,
    0x8e,0x8e,0x8e,0x8e,0x8e,0x8e,0x8e,0x8e,0x8e,0x8e,0x8e,0x8e,0x8e,0x8e,0x8e,0x8e,0x8e,0x8e,0x8e,0x54,0x64,0x64,0x71,0x7c,0x83,0x7c,0x69,0x54,0x8e,0x8e,0x8e,0x8e,
    0x8e,0x8e,0x8e,0x8e,0x8e,0x8e,0x8e,0x8e,0x8e,0x8e,0x8e,0x8e,0x8e,0x8e,0x8e,0x8e,0x8e,0x8e,0x8e,0x8e,0x8e,0x8e,0x8e,0x8e,0x8e,0x8e,0x8e,0x8e,0x8e,0x8e,0x8e,0x8e,
    0x8e,0x8e,0x8e,0x8e,0x8e,0x54,0x64,0x69,0x71,0x83,0x7c,0x71,0x69,0x54,0x8e,0x8e,0x8e,0x8e,0x8e,0x8e,0x8e,0x8e,0x8e,0x8e,0x8e,0x8e,0x8e,0x8e,0x8e,0x8e,0x8e,0x8e,
    0x8e,0x8e,0x8e,0x8e,0x8e,0x8e,0x8e,0x8e,0x8e,0x8e,0x8e,0x8e,0x8e,0x8e,0x8e,0x8e,0x8e,0x8e,0x8e,0x8e,0x8e,0x8e,0x69,0x18,0x06,0x6c,0x03,0x72,0x72,0x50,0x50,0x50,
    0x50,0x03,0x03,0x9d,0x9d,0x9d,0x72,0x72,0x03,0x6c,0x0d,0x18,0x69,0x8e,0x8e,0x8e,0x8e,0x8e,0x8e,0x8e,0x8e,0x8e,0x8e,0x8e,0x8e,0x8e,0x8e,0x8e,0x8e,0x8e,0x8e,0x8e,
    0x8e,0x8e,0x8e,0x8e,0x8e,0x8e,0x8e,0x8e,0x8e,0x8e,0x8e,0x8e,0x8e,0x8e,0x8e,0x8e,0x8e,0x8e,0x8e,0x54,0x64,0x64,0x71,0x7c,0x83,0x7c,0x69,0x54,0x8e,0x8e,0x8e,0x8e,
    0x8e,0x8e,0x8e,0x8e,0x8e,0x8e,0x8e,0x8e,0x8e,0x8e,0x8e,0x8e,0x8e,0x8e,0x8e,0x8e,0x8e,0x8e,0x8e,0x8e,0x8e,0x8e,0x8e,0x8e,0x8e,0x8e,0x8e,0x8e,0x8e,0x8e,0x8e,0x8e,
    0x8e,0x8e,0x8e,0x8e,0x8e,0x54,0x64,0x69,0x71,0x83,0x7c,0x71,0x69,0x54,0x8e,0x8e,0x8e,0x8e,0x8e,0x8e,0x8e,0x8e,0x8e,0x8e,0x8e,0x8e,0x8e,0x8e,0x8e,0x8e,0x8e,0x8e,
    0x8e,0x8e,0x8e,0x8e,0x8e,0x8e,0x8e,0x8e,0x8e,0x8e,0x8e,0x8e,0x8e,0x8e,0x8e,0x8e,0x8e,0x8e,0x8e,0x8e,0x8e,0x8e,0x69,0x18,0x06,0x6c,0x03,0x72,0x72,0x50,0x50,0x50,
    0x50,0x03,0x03,0x9d,0x9d,0x9d,0x72,0x72,0x03,0x6c,0x0d,0x18,0x69,0x8e,0x8e,0x8e,0x8e,0x8e,0x8e,0x8e,0x8e,0x8e,0x8e,0x8e,0x8e,0x8e,0x8e,0x8e,0x8e,0x8e,0x8e,0x8e,
    0x8e,0x8e,0x8e,0x8e,0x8e,0x8e,0x8e,0x8e,0x8e,0x8e,0x8e,0x8e,0x8e,0x8e,0x8e,0x8e,0x8e,0x8e,0x8e,0x54,0x64,0x64,0x71,0x7c,0x83,0x7c,0x71,0x54,0x8e,0x8e,0x8e,0x8e,
    0x8e,0x8e,0x8e,0x8e,0x8e,0x8e,0x8e,0x8e,0x8e,0x8e,0x8e,0x8e,0x8e,0x8e,0x8e,0x8e,0x8e,0x8e,0x8e,0x8e,0x8e,0x8e,0x8e,0x8e,0x8e,0x8e,0x8e,0x8e,0x8e,0x8e,0x8e,0x8e,
    0x8e,0x8e,0x8e,0x8e,0x8e,0x54,0x64,0x69,0x71,0x83,0x7c,0x71,0x69,0x54,0x8e,0x8e,0x8e,0x8e,0x8e,0x8e,0x8e,0x8e,0x8e,0x8e,0x8e,0x8e,0x8e,0x8e,0x8e,0x8e,0x8e,0x8e,
    0x8e,0x8e,0x8e,0x8e,0x8e,0x8e,0x8e,0x8e,0x8e,0x8e,0x8e,0x8e,0x8e,0x8e,0x8e,0x8e,0x8e,0x8e,0x8e,0x8e,0x8e,0x8e,0x71,0x18,0x06,0x6c,0x03,0x72,0x72,0x50,0x50,0x50,
    0x50,0x03,0x03,0x9d,0x9d,0x9d,0x72,0x72,0x03,0x6c,0x0d,0x18,0x69,0x8e,0x8e,0x8e,0x8e,0x8e,0x8e,0x8e,0x8e,0x8e,0x8e,0x8e,0x8e,0x8e,0x8e,0x8e,0x8e,0x8e,0x8e,0x8e,
    0x8e,0x8e,0x8e,0x8e,0x8e,0x8e,0x8e,0x8e,0x8e,0x8e,0x8e,0x8e,0x8e,0x8e,0x8e,0x8e,0x8e,0x8e,0x8e,0x54,0x64,0x64,0x71,0x7c,0x83,0x7c,0x69,0x54,0x8e,0x8e,0x8e,0x8e,
    0x8e,0x8e,0x8e,0x8e,0x8e,0x8e,0x8e,0x8e,0x8e,0x8e,0x8e,0x8e,0x8e,0x8e,0x8e,0x8e,0x8e,0x8e,0x8e,0x8e,0x8e,0x8e,0x8e,0x8e,0x8e,0x8e,0x8e,0x8e,0x8e,0x8e,0x8e,0x8e,
    0x8e,0x8e,0x8e,0x8e,0x8e,0x54,0x64,0x69,0x71,0x83,0x7c,0x71,0x69,0x54,0x8e,0x8e,0x8e,0x8e,0x8e,0x8e,0x8e,0x8e,0x8e,0x8e,0x8e,0x8e,0x8e,0x8e,0x8e,0x8e,0x8e,0x8e,
    0x8e,0x8e,0x8e,0x8e,0x8e,0x8e,0x8e,0x8e,0x8e,0x8e,0x8e,0x8e,0x8e,0x8e,0x8e,0x8e,0x8e,0x8e,0x8e,0x8e,0x8e,0x8e,0x69,0x18,0x06,0x6c,0x03,0x72,0x72,0x50,0x50,0x50,
    0x50,0x03,0x03,0x9d,0x9d,0x9d,0x72,0x72,0x03,0x6c,0x0d,0x18,0x71,0x8e,0x8e,0x8e,0x8e,0x8e,0x8e,0x8e,0x8e,0x8e,0x8e,0x8e,0x8e,0x8e,0x8e,0x8e,0x8e,0x8e,0x8e,0x8e,
    0x8e,0x8e,0x8e,0x8e,0x8e,0x8e,0x8e,0x8e,0x8e,0x8e,0x8e,0x8e,0x8e,0x8e,0x8e,0x8e,0x8e,0x8e,0x8e,0x54,0x64,0x64,0x71,0x7c,0x83,0x7c,0x69,0x54,0x8e,0x8e,0x8e,0x8e,
    0x8e,0x8e,0x8e,0x8e,0x8e,0x8e,0x8e,0x8e,0x8e,0x8e,0x8e,0x8e,0x8e,0x8e,0x8e,0x8e,0x8e,0x8e,0x8e,0x8e,0x8e,0x8e,0x8e,0x8e,0x8e,0x8e,0x8e,0x8e,0x8e,0x8e,0x8e,0x8e,
    0x8e,0x8e,0x8e,0x8e,0x8e,0x54,0x64,0x69,0x71,0x83,0x7c,0x71,0x69,0x54,0x8e,0x8e,0x8e,0x8e,0x8e,0x8e,0x8e,0x8e,0x8e,0x8e,0x8e,0x8e,0x8e,0x8e,0x8e,0x8e,0x8e,0x8e,
    0x8e,0x8e,0x8e,0x8e,0x8e,0x8e,0x8e,0x8e,0x8e,0x8e,0x8e,0x8e,0x8e,0x8e,0x8e,0x8e,0x8e,0x8e,0x8e,0x8e,0x8e,0x8e,0x71,0x18,0x06,0x6c,0x03,0x72,0x72,0x50,0x50,0x50,
    0x50,0x03,0x03,0x9d,0x9d,0x9d,0x72,0x72,0x03,0x6c,0x0d,0x18,0x71,0x8e,0x8e,0x8e,0x8e,0x8e,0x8e,0x8e,0x8e,0x8e,0x8e,0x8e,0x8e,0x8e,0x8e,0x8e,0x8e,0x8e,0x8e,0x8e,
    0x8e,0x8e,0x8e,0x8e,0x8e,0x8e,0x8e,0x8e,0x8e,0x8e,0x8e,0x8e,0x8e,0x8e,0x8e,0x8e,0x8e,0x8e,0x8e,0x54,0x64,0x64,0x71,0x7c,0x83,0x7c,0x69,0x54,0x8e,0x8e,0x8e,0x8e,
    0x8e,0x8e,0x8e,0x8e,0x8e,0x8e,0x8e,0x8e,0x8e,0x8e,0x8e,0x8e,0x8e,0x8e,0x8e,0x8e,0x8e,0x8e,0x8e,0x8e,0x8e,0x8e,0x8e,0x8e,0x8e,0x8e,0x8e,0x8e,0x8e,0x8e,0x8e,0x8e,
    0x8e,0x8e,0x8e,0x8e,0x8e,0x54,0x64,0x69,0x71,0x83,0x7c,0x71,0x69,0x54,0x8e,0x8e,0x8e,0x8e,0x8e,0x8e,0x8e,0x8e,0x8e,0x8e,0x8e,0x8e,0x8e,0x8e,0x8e,0x8e,0x8e,0x8e,
    0x8e,0x8e,0x8e,0x8e,0x8e,0x8e,0x8e,0x8e,0x8e,0x8e,0x8e,0x8e,0x8e,0x8e,0x8e,0x8e,0x8e,0x8e,0x8e,0x8e,0x8e,0x8e,0x69,0x18,0x06,0x6c,0x03,0x72,0x72,0x50,0x50,0x50,
    0x50,0x03,0x03,0x9d,0x9d,0x9d,0x72,0x72,0x03,0x6c,0x0d,0x18,0x71,0x8e,0x8e,0x8e,0x8e,0x8e,0x8e,0x8e,0x8e,0x8e,0x8e,0x8e,0x8e,0x8e,0x8e,0x8e,0x8e,0x8e,0x8e,0x8e,
    0x8e,0x8e,0x8e,0x8e,0x8e,0x8e,0x8e,0x8e,0x8e,0x8e,0x8e,0x8e,0x8e,0x8e,0x8e,0x8e,0x8e,0x8e,0x8e,0x54,0x64,0x64,0x71,0x7c,0x83,0x7c,0x69,0x54,0x8e,0x8e,0x8e,0x8e,
    0x8e,0x8e,0x8e,0x8e,0x8e,0x8e,0x8e,0x8e,0x8e,0x8e,0x8e,0x8e,0x8e,0x8e,0x8e,0x8e,0x8e,0x8e,0x8e,0x8e,0x8e,0x8e,0x8e,0x8e,0x8e,0x8e,0x8e,0x8e,0x8e,0x8e,0x8e,0x8e,
    0x8e,0x8e,0x8e,0x8e,0x8e,0x54,0x64,0x69,0x71,0x83,0x7c,0x71,0x69,0x54,0x8e,0x8e,0x8e,0x8e,0x8e,0x8e,0x8e,0x8e,0x8e,0x8e,0x8e,0x8e,0x8e,0x8e,0x8e,0x8e,0x8e,0x8e,
    0x8e,0x8e,0x8e,0x8e,0x8e,0x8e,0x8e,0x8e,0x8e,0x8e,0x8e,0x8e,0x8e,0x8e,0x8e,0x8e,0x8e,0x8e,0x8e,0x8e,0x8e,0x8e,0x71,0x18,0x06,0x6c,0x03,0x72,0x72,0x50,0x50,0x50,
    0x50,0x03,0x03,0x9d,0x9d,0x9d,0x72,0x72,0x03,0x6c,0x0d,0x18,0x71,0x8e,0x8e,0x8e,0x8e,0x8e,0x8e,0x8e,0x8e,0x8e,0x8e,0x8e,0x8e,0x8e,0x8e,0x8e,0x8e,0x8e,0x8e,0x8e,
    0x8e,0x8e,0x8e,0x8e,0x8e,0x8e,0x8e,0x8e,0x8e,0x8e,0x8e,0x8e,0x8e,0x8e,0x8e,0x8e,0x8e,0x8e,0x8e,0x54,0x64,0x64,0x71,0x7c,0x83,0x7c,0x69,0x54,0x8e,0x8e,0x8e,0x8e,
    0x8e,0x8e,0x8e,0x8e,0x8e,0x8e,0x8e,0x8e,0x8e,0x8e,0x8e,0x8e,0x8e,0x8e,0x8e,0x8e,0x8e,0x8e,0x8e,0x8e,0x8e,0x8e,0x8e,0x8e,0x8e,0x8e,0x8e,0x8e,0x8e,0x8e,0x8e,0x8e,
    0x8e,0x8e,0x8e,0x8e,0x8e,0x54,0x64,0x69,0x71,0x83,0x7c,0x71,0x69,0x54,0x8e,0x8e,0x8e,0x8e,0x8e,0x8e,0x8e,0x8e,0x8e,0x8e,0x8e,0x8e,0x8e,0x8e,0x8e,0x8e,0x8e,0x8e,
    0x8e,0x8e,0x8e,0x8e,0x8e,0x8e,0x8e,0x8e,0x8e,0x8e,0x8e,0x8e,0x8e,0x8e,0x8e,0x8e,0x8e,0x8e,0x8e,0x8e,0x8e,0x8e,0x71,0x18,0x06,0x6c,0x03,0x72,0x72,0x50,0x50,0x50,
    0x50,0x03,0x03,0x9d,0x9d,0x9d,0x72,0x72,0x03,0x6c,0x0d,0x18,0x71,0x8e,0x8e,0x8e,0x8e,0x8e,0x8e,0x8e,0x8e,0x8e,0x8e,0x8e,0x8e,0x8e,0x8e,0x8e,0x8e,0x8e,0x8e,0x8e,
    0x8e,0x8e,0x8e,0x8e,0x8e,0x8e,0x8e,0x8e,0x8e,0x8e,0x8e,0x8e,0x8e,0x8e,0x8e,0x8e,0x8e,0x8e,0x8e,0x54,0x64,0x64,0x71,0x7c,0x83,0x7c,0x69,0x54,0x8e,0x8e,0x8e,0x8e,
    0x8e,0x8e,0x8e,0x8e,0x8e,0x8e,0x8e,0x8e,0x8e,0x8e,0x8e,0x8e,0x8e,0x8e,0x8e,0x8e,0x8e,0x8e,0x8e,0x8e,0x8e,0x8e,0x8e,0x8e,0x8e,0x8e,0x8e,0x8e,0x8e,0x8e,0x8e,0x8e,
    0x8e,0x8e,0x8e,0x8e,0x8e,0x54,0x64,0x69,0x71,0x83,0x7c,0x71,0x69,0x54,0x8e,0x8e,0x8e,0x8e,0x8e,0x8e,0x8e,0x8e,0x8e,0x8e,0x8e,0x8e,0x8e,0x8e,0x8e,0x8e,0x8e,0x8e,
    0x8e,0x8e,0x8e,0x8e,0x8e,0x8e,0x8e,0x8e,0x8e,0x8e,0x8e,0x8e,0x8e,0x8e,0x8e,0x8e,0x8e,0x8e,0x8e,0x8e,0x8e,0x8e,0x71,0x18,0x07,0x6c,0x03,0x72,0x72,0x50,0x50,0x50,
    0x50,0x03,0x03,0x9d,0x9d,0x9d,0x72,0x72,0x03,0x6c,0x0d,0x18,0x71,0x8e,0x8e,0x8e,0x8e,0x8e,0x8e,0x8e,0x8e,0x8e,0x8e,0x8e,0x8e,0x8e,0x8e,0x8e,0x8e,0x8e,0x8e,0x8e,
    0x8e,0x8e,0x8e,0x8e,0x8e,0x8e,0x8e,0x8e,0x8e,0x8e,0x8e,0x8e,0x8e,0x8e,0x8e,0x8e,0x8e,0x8e,0x8e,0x54,0x64,0x64,0x71,0x7c,0x83,0x7c,0x71,0x54,0x8e,0x8e,0x8e,0x8e,
    0x8e,0x8e,0x8e,0x8e,0x8e,0x8e,0x8e,0x8e,0x8e,0x8e,0x8e,0x8e,0x8e,0x8e,0x8e,0x8e,0x8e,0x8e,0x8e,0x8e,0x8e,0x8e,0x8e,0x8e,0x8e,0x8e,0x8e,0x8e,0x8e,0x8e,0x8e,0x8e,
    0x8e,0x8e,0x8e,0x8e,0x8e,0x54,0x64,0x69,0x71,0x83,0x7c,0x71,0x69,0x54,0x8e,0x8e,0x8e,0x8e,0x8e,0x8e,0x8e,0x8e,0x8e,0x8e,0x8e,0x8e,0x8e,0x8e,0x8e,0x8e,0x8e,0x8e,
    0x8e,0x8e,0x8e,0x8e,0x8e,0x8e,0x8e,0x8e,0x8e,0x8e,0x8e,0x8e,0x8e,0x8e,0x8e,0x8e,0x8e,0x8e,0x8e,0x8e,0x8e,0x8e,0x71,0x18,0x07,0x6c,0x03,0x72,0x72,0x50,0x50,0x50,
    0x50,0x03,0x03,0x9d,0x9d,0x9d,0x72,0x72,0x03,0x6c,0x0d,0x18,0x71,0x8e,0x8e,0x8e,0x8e,0x8e,0x8e,0x8e,0x8e,0x8e,0x8e,0x8e,0x8e,0x8e,0x8e,0x8e,0x8e,0x8e,0x8e,0x8e,
    0x8e,0x8e,0x8e,0x8e,0x8e,0x8e,0x8e,0x8e,0x8e,0x8e,0x8e,0x8e,0x8e,0x8e,0x8e,0x8e,0x8e,0x8e,0x8e,0x54,0x64,0x64,0x71,0x7c,0x83,0x7c,0x71,0x54,0x8e,0x8e,0x8e,0x8e,
    0x8e,0x9b,0x8e,0x8e,0x8e,0x8e,0x8e,0x8e,0x8e,0x8e,0x8e,0x8e,0x8e,0x8e,0x8e,0x8e,0x8e,0x8e,0x8e,0x8e,0x8e,0x8e,0x8e,0x8e,0x8e,0x8e,0x8e,0x8e,0x8e,0x8e,0x8e,0x8e,
    0x8e,0x8e,0x8e,0x8e,0x8e,0x54,0x64,0x69,0x71,0x83,0x7c,0x71,0x69,0x54,0x8e,0x8e,0x8e,0x8e,0x8e,0x8e,0x8e,0x8e,0x8e,0x8e,0x8e,0x8e,0x8e,0x8e,0x8e,0x8e,0x8e,0x8e,
    0x8e,0x8e,0x8e,0x8e,0x8e,0x8e,0x8e,0x8e,0x8e,0x8e,0x8e,0x8e,0x8e,0x8e,0x8e,0x8e,0x8e,0x8e,0x8e,0x8e,0x8e,0x8e,0x71,0x18,0x07,0x6c,0x03,0x72,0x72,0x50,0x50,0x50,
    0x50,0x03,0x03,0x9d,0x9d,0x9d,0x72,0x72,0x03,0x6c,0x0d,0x18,0x71,0x8e,0x8e,0x8e,0x9b,0x8e,0x8e,0x8e,0x8e,0x8e,0x8e,0x8e,0x8e,0x8e,0x8e,0x9b,0x8e,0x8e,0x9b,0x8e,
    0x8e,0x8e,0x9b,0x8e,0x8e,0x8e,0x8e,0x8e,0x8e,0x8e,0x8e,0x9b,0x8e,0x8e,0x8e,0x8e,0x8e,0x8e,0x8e,0x54,0x64,0x64,0x71,0x7c,0x83,0x7c,0x71,0x54,0x8e,0x8e,0x8e,0x8e,
    0x8e,0x8e,0x8e,0x8e,0x8e,0x8e,0x8e,0x8e,0x8e,0x8e,0x8e,0x9b,0x8e,0x8e,0x8e,0x8e,0x8e,0x8e,0x8e,0x8e,0x8e,0x8e,0x8e,0x8e,0x8e,0x8e,0x8e,0x8e,0x8e,0x8e,0x8e,0x8e,
    0x9b,0x8e,0x8e,0x8e,0x8e,0x54,0x64,0x69,0x71,0x83,0x7c,0x71,0x69,0x54,0x8e,0x8e,0x8e,0x8e,0x8e,0x8e,0x8e,0x8e,0x8e,0x8e,0x9b,0x8e,0x8e,0x8e,0x8e,0x8e,0x8e,0x8e,
    0x8e,0x8e,0x8e,0x8e,0x8e,0x8e,0x8e,0x8e,0x8e,0x8e,0x8e,0x8e,0x8e,0x8e,0x8e,0x8e,0x8e,0x9b,0x8e,0x8e,0x8e,0x8e,0x71,0x18,0x06,0x6c,0x03,0x72,0x72,0x50,0x50,0x50,
    0x50,0x03,0x03,0x9d,0x9d,0x9d,0x72,0x72,0x03,0x6c,0x0d,0x18,0x69,0x8e,0x8e,0x8e,0x8e,0x9b,0x8e,0x9b,0x8e,0x8e,0x8e,0x9b,0x8e,0x9b,0x9b,0x8e,0x9b,0x9b,0x9b,0x8e,
    0x9b,0x9b,0x8e,0x8e,0x8e,0x9b,0x8e,0x9b,0x8e,0x8e,0x8e,0x8e,0x8e,0x8e,0x9b,0x9b,0x8e,0x9b,0x8e,0x54,0x64,0x64,0x71,0x7c,0x83,0x7c,0x69,0x54,0x8e,0x8e,0x9b,0x8e,
    0x9b,0x9b,0x9b,0x8e,0x8e,0x9b,0x8e,0x9b,0x8e,0x8e,0x8e,0x8e,0x8e,0x8e,0x9b,0x8e,0x8e,0x8e,0x8e,0x9b,0x8e,0x9b,0x8e,0x8e,0x8e,0x8e,0x8e,0x8e,0x8e,0x9b,0x8e,0x9b,
    0x9b,0x8e,0x8e,0x8e,0x9b,0x57,0x64,0x69,0x71,0x83,0x7c,0x71,0x69,0x54,0x9b,0x9b,0x8e,0x8e,0x8e,0x9b,0x9b,0x8e,0x9b,0x9b,0x9b,0x8e,0x9b,0x8e,0x9b,0x9b,0x8e,0x8e,
    0x8e,0x9b,0x9b,0x9b,0x9b,0x9b,0x8e,0x9b,0x9b,0x9b,0x9b,0x8e,0x8e,0x9b,0x9b,0x8e,0x8e,0x9b,0x8e,0x8e,0x9b,0x8e,0x71,0x24,0x07,0x6c,0x03,0x72,0x72,0x50,0x50,0x50,
    0x50,0x03,0x03,0x9d,0x9d,0x9d,0x72,0x72,0x03,0x6c,0x0d,0x18,0x69,0x9b,0x9b,0x9b,0x9b,0x8e,0x8e,0x9b,0x9b,0x8e,0x8e,0x8e,0x9b,0x8e,0x9b,0x9b,0x9b,0x9b,0x9b,0x9b,
    0x9b,0x9b,0x8e,0x9b,0x9b,0x8e,0x8e,0x9b,0x9b,0x8e,0x9b,0x9b,0x8e,0x8e,0x9b,0x9b,0x9b,0x9b,0x9b,0x57,0x64,0x64,0x71,0x7c,0x83,0x7c,0x69,0x57,0x8e,0x9b,0x8e,0x9b,
    0x8e,0x9b,0x9b,0x9b,0x9b,0x9b,0x9b,0x9b,0x9b,0x9b,0x9b,0x9b,0x8e,0x9b,0x8e,0x8e,0x9b,0x9b,0x9b,0x9b,0x9b,0x8e,0x8e,0x9b,0x8e,0x9b,0x9b,0x9b,0x9b,0x9b,0x8e,0x8e,
    0x9b,0x9b,0x8e,0x9b,0x9b,0x54,0x64,0x69,0x71,0x83,0x7c,0x71,0x69,0x54,0x9b,0x9b,0x9b,0x9b,0x8e,0x9b,0x9b,0x9b,0x9b,0x9b,0x8e,0x9b,0x9b,0x9b,0x9b,0x9b,0x9b,0x8e,
    0x9b,0x8e,0x9b,0x9b,0x8e,0x8e,0x9b,0x8e,0x9b,0x9b,0x9b,0x8e,0x8e,0x8e,0x9b,0x8e,0x9b,0x9b,0x9b,0x9b,0x9b,0x9b,0x7c,0x24,0x07,0x6c,0x03,0x72,0x72,0x50,0x50,0x50,
    0x50,0x03,0x03,0x9d,0x9d,0x9d,0x72,0x72,0x03,0x6c,0x0d,0x18,0x71,0x9b,0x9b,0x9b,0x9b,0x9b,0x9b,0x8e,0x9b,0x9b,0x9b,0x8e,0x9b,0x9b,0x9b,0x9b,0x8e,0x9b,0x8e,0x9b,
    0x9b,0x9b,0x9b,0x9b,0x9b,0x9b,0x8e,0x9b,0x9b,0x9b,0x9b,0x9b,0x9b,0x9b,0x9b,0x8e,0x9b,0x8e,0x9b,0x57,0x64,0x64,0x71,0x7c,0x83,0x7c,0x69,0x54,0x9b,0x9b,0x9b,0x9b,
    0x9b,0x9b,0x9b,0x9b,0x9b,0x8e,0x9b,0x9b,0x9b,0x9b,0x9b,0x9b,0x9b,0x9b,0x9b,0x9b,0x9b,0x9b,0x9b,0x9b,0x9b,0x9b,0x9b,0x9b,0x9b,0x9b,0x9b,0x9b,0x9b,0x8e,0x9b,0x9b,
    0x9b,0x9b,0x8e,0x9b,0x9b,0x57,0x64,0x69,0x71,0x83,0x7c,0x71,0x69,0x57,0x9b,0x9b,0x9b,0x9b,0x9b,0x9b,0x9b,0x8e,0x9b,0x9b,0x9b,0x9b,0x9b,0x9b,0x9b,0x9b,0x9b,0x9b,
    0x9b,0x9b,0x8e,0x9b,0x9b,0x9b,0x9b,0x9b,0x9b,0x9b,0x9b,0x9b,0x9b,0x9b,0x8e,0x9b,0x9b,0x9b,0x9b,0x9b,0x9b,0x9b,0x7c,0x24,0x07,0x6c,0x03,0x72,0x72,0x50,0x50,0x50,
    0x50,0x03,0x03,0x9d,0x9d,0x9d,0x72,0x72,0x03,0x6c,0x0d,0x18,0x71,0x9b,0x9b,0x9b,0x9b,0x9b,0x9b,0x9b,0x9b,0x9b,0x9b,0x9b,0x9b,0x9b,0x9b,0x9b,0x9b,0x9b,0x9b,0x9b,
    0x9b,0x9b,0x9b,0x9b,0x9b,0x9b,0x9b,0x9b,0x9b,0x9b,0x9b,0x9b,0x9b,0x9b,0x9b,0x9b,0x9b,0x9b,0x9b,0x57,0x64,0x64,0x71,0x7c,0x83,0x7c,0x69,0x57,0x9b,0x9b,0x9b,0x9b,
    0x9b,0x9b,0x9b,0x9b,0x9b,0x9b,0x9b,0x9b,0x9b,0x9b,0x9b,0x9b,0x9b,0x8e,0x9b,0x9b,0x9b,0x9b,0x9b,0x9b,0x9b,0x9b,0x9b,0x9b,0x9b,0x9b,0x9b,0x9b,0x9b,0x9b,0x9b,0x9b,
    0x9b,0x9b,0x9b,0x9b,0x9b,0x57,0x64,0x69,0x71,0x83,0x7c,0x71,0x69,0x57,0x9b,0x9b,0x9b,0x9b,0x9b,0x9b,0x9b,0x9b,0x9b,0x9b,0x9b,0x9b,0x9b,0x9b,0x9b,0x9b,0x9b,0x9b,
    0x9b,0x9b,0x9b,0x9b,0x9b,0x9b,0x8e,0x9b,0x9b,0x9b,0x9b,0x9b,0x9b,0x9b,0x9b,0x9b,0x9b,0x9b,0x9b,0x9b,0x9b,0x9b,0x7c,0x24,0x07,0x6c,0x03,0x72,0x72,0x50,0x50,0x50,
    0x50,0x03,0x03,0x9d,0x9d,0x9d,0x72,0x72,0x03,0x6c,0x0d,0x18,0x71,0x9b,0x9b,0x9b,0x9b,0x9b,0x9b,0x9b,0x9b,0x9b,0x9b,0x9b,0x9b,0x9b,0x9b,0x9b,0x9b,0x9b,0x9b,0x9b,
    0x8e,0x9b,0x9b,0x9b,0x9b,0x9b,0x9b,0x8e,0x9b,0x9b,0x9b,0x9b,0x9b,0x9b,0x9b,0x9b,0x9b,0x9b,0x9b,0x57,0x64,0x64,0x71,0x7c,0x83,0x7c,0x69,0x57,0x9b,0x9b,0x9b,0x9b,
    0x9b,0x9b,0x9b,0x9b,0x9b,0x9b,0x9b,0x9b,0x9b,0x9b,0x9b,0x9b,0x9b,0x9b,0x9b,0x9b,0x9b,0x9b,0x9b,0x9b,0x9b,0x8e,0x8e,0x9b,0x9b,0x9b,0x9b,0x9b,0x9b,0x9b,0x9b,0x8e,
    0x9b,0x9b,0x9b,0x9b,0x9b,0x57,0x64,0x69,0x71,0x83,0x7c,0x71,0x69,0x57,0x9b,0x9b,0x9b,0x9b,0x9b,0x9b,0x9b,0x9b,0x9b,0x9b,0x9b,0x9b,0x9b,0x9b,0x9b,0x9b,0x9b,0x9b,
    0x9b,0x9b,0x9b,0x8e,0x9b,0x9b,0x9b,0x9b,0x9b,0x9b,0x9b,0x9b,0x9b,0x9b,0x9b,0x9b,0x9b,0x9b,0x9b,0x9b,0x8e,0x9b,0x7c,0x24,0x07,0x6c,0x03,0x72,0x72,0x50,0x50,0x50,
    0x50,0x03,0x03,0x9d,0x9d,0x9d,0x72,0x72,0x03,0x6c,0x10,0x15,0x71,0x9b,0x8e,0x8e,0x8e,0x9b,0x9b,0x9b,0x8e,0x9b,0x9b,0x9b,0x8e,0x9b,0x9b,0x8e,0x9b,0x9b,0x9b,0x9b,
    0x9b,0x8e,0x8e,0x9b,0x9b,0x8e,0x8e,0x8e,0x9b,0x9b,0x8e,0x8e,0x9b,0x9b,0x9b,0x9b,0x9b,0x9b,0x9b,0x54,0x64,0x64,0x71,0x7c,0x83,0x7c,0x69,0x57,0x9b,0x8e,0x9b,0x9b,
    0x9b,0x9b,0x8e,0x9b,0x8e,0x9b,0x9b,0x9b,0x9b,0x9b,0x9b,0x9b,0x9b,0x9b,0x9b,0x9b,0x9b,0x9b,0x9b,0x9b,0x8e,0x9b,0x8e,0x9b,0x9b,0x8e,0x9b,0x8e,0x8e,0x9b,0x8e,0x8e,
    0x8e,0x9b,0x9b,0x8e,0x9b,0x57,0x64,0x69,0x71,0x83,0x7c,0x71,0x69,0x54,0x9b,0x9b,0x9b,0x9b,0x8e,0x9b,0x9b,0x9b,0x8e,0x9b,0x9b,0x8e,0x9b,0x9b,0x8e,0x8e,0x8e,0x8e,
    0x9b,0x8e,0x9b,0x9b,0x9b,0x9b,0x9b,0x9b,0x9b,0x8e,0x9b,0x9b,0x8e,0x9b,0x9b,0x9b,0x9b,0x8e,0x9b,0x9b,0x9b,0x9b,0x71,0x24,0x04,0x6c,0x03,0x72,0x72,0x50,0x50,0x50,
    0x50,0x03,0x03,0x9d,0x9d,0x9d,0x72,0x72,0x03,0x6c,0x03,0x0d,0x69,0x9b,0x8e,0x8e,0x9b,0x8e,0x9b,0x8e,0x8e,0x8e,0x9b,0x9b,0x8e,0x9b,0x9b,0x9b,0x9b,0x9b,0x8e,0x8e,
    0x8e,0x8e,0x8e,0x8e,0x8e,0x8e,0x8e,0x9b,0x8e,0x8e,0x9b,0x8e,0x8e,0x8e,0x8e,0x8e,0x8e,0x8e,0x8e,0x54,0x64,0x64,0x71,0x7c,0x83,0x7c,0x71,0x57,0x8e,0x9b,0x8e,0x8e,
    0x8e,0x9b,0x8e,0x8e,0x9b,0x8e,0x8e,0x8e,0x9b,0x8e,0x9b,0x8e,0x8e,0x8e,0x9b,0x8e,0x9b,0x9b,0x8e,0x8e,0x9b,0x9b,0x8e,0x8e,0x9b,0x9b,0x8e,0x8e,0x8e,0x8e,0x8e,0x8e,
    0x9b,0x8e,0x8e,0x8e,0x9b,0x57,0x64,0x69,0x71,0x83,0x7c,0x71,0x69,0x57,0x8e,0x8e,0x8e,0x8e,0x9b,0x8e,0x9b,0x9b,0x8e,0x8e,0x9b,0x8e,0x8e,0x8e,0x9b,0x8e,0x8e,0x8e,
    0x9b,0x8e,0x8e,0x8e,0x9b,0x9b,0x9b,0x9b,0x8e,0x9b,0x8e,0x8e,0x9b,0x8e,0x8e,0x8e,0x8e,0x9b,0x8e,0x9b,0x8e,0x8e,0x7c,0x24,0x04,0x6c,0x03,0x72,0x72,0x50,0x50,0x50,
    0x50,0x03,0x03,0x9d,0x9d,0x9d,0x72,0x72,0x03,0x6c,0x03,0x10,0x69,0x8e,0x8e,0x8e,0x8e,0x8e,0x8e,0x8e,0x8e,0x8e,0x9b,0x8e,0x8e,0x8e,0x8e,0x8e,0x8e,0x8e,0x8e,0x8e,
    0x9b,0x8e,0x9b,0x8e,0x8e,0x8e,0x9b,0x9b,0x8e,0x8e,0x8e,0x8e,0x8e,0x8e,0x8e,0x8e,0x8e,0x8e,0x8e,0x54,0x64,0x64,0x71,0x7c,0x83,0x7c,0x69,0x54,0x8e,0x8e,0x8e,0x8e,
    0x8e,0x8e,0x8e,0x8e,0x9b,0x8e,0x8e,0x8e,0x8e,0x8e,0x8e,0x8e,0x9b,0x8e,0x8e,0x8e,0x9b,0x8e,0x8e,0x8e,0x8e,0x8e,0x8e,0x8e,0x8e,0x8e,0x8e,0x8e,0x8e,0x8e,0x8e,0x9b,
    0x8e,0x8e,0x8e,0x8e,0x8e,0x54,0x64,0x69,0x71,0x83,0x7c,0x71,0x69,0x54,0x8e,0x8e,0x8e,0x8e,0x8e,0x8e,0x8e,0x8e,0x8e,0x8e,0x8e,0x8e,0x8e,0x8e,0x8e,0x9b,0x8e,0x8e,
    0x8e,0x9b,0x8e,0x8e,0x8e,0x8e,0x8e,0x8e,0x8e,0x8e,0x8e,0x8e,0x8e,0x8e,0x8e,0x8e,0x8e,0x8e,0x8e,0x8e,0x8e,0x8e,0x71,0x24,0x04,0x6c,0x03,0x72,0x72,0x50,0x50,0x50,
    0x50,0x03,0x03,0x9d,0x9d,0x9d,0x72,0x72,0x03,0x6c,0x03,0x15,0x69,0x8e,0x8e,0x8e,0x8e,0x8e,0x8e,0x8e,0x8e,0x8e,0x8e,0x8e,0x8e,0x8e,0x8e,0x8e,0x8e,0x8e,0x8e,0x8e,
    0x8e,0x8e,0x8e,0x8e,0x8e,0x8e,0x8e,0x8e,0x8e,0x8e,0x8e,0x8e,0x8e,0x8e,0x8e,0x8e,0x8e,0x8e,0x8e,0x54,0x64,0x64,0x71,0x7c,0x83,0x7c,0x71,0x54,0x8e,0x8e,0x8e,0x8e,
    0x8e,0x8e,0x8e,0x8e,0x8e,0x8e,0x8e,0x8e,0x8e,0x8e,0x8e,0x8e,0x8e,0x8e,0x8e,0x8e,0x8e,0x8e,0x8e,0x8e,0x8e,0x8e,0x8e,0x8e,0x8e,0x8e,0x8e,0x8e,0x8e,0x8e,0x8e,0x8e,
    0x8e,0x8e,0x8e,0x8e,0x8e,0x54,0x64,0x69,0x71,0x83,0x7c,0x71,0x69,0x54,0x8e,0x8e,0x8e,0x8e,0x8e,0x8e,0x8e,0x8e,0x8e,0x8e,0x8e,0x8e,0x8e,0x8e,0x8e,0x8e,0x8e,0x8e,
    0x8e,0x8e,0x8e,0x8e,0x8e,0x8e,0x8e,0x8e,0x8e,0x8e,0x8e,0x8e,0x8e,0x8e,0x8e,0x8e,0x8e,0x8e,0x8e,0x8e,0x8e,0x8e,0x71,0x24,0x04,0x6c,0x03,0x72,0x72,0x50,0x50,0x50,
    0x50,0x03,0x03,0x9d,0x9d,0x9d,0x72,0x72,0x03,0x6c,0x03,0x15,0x71,0x8e,0x8e,0x8e,0x8e,0x8e,0x8e,0x8e,0x8e,0x8e,0x8e,0x8e,0x8e,0x8e,0x8e,0x8e,0x8e,0x8e,0x8e,0x8e,
    0x8e,0x8e,0x8e,0x8e,0x8e,0x8e,0x8e,0x8e,0x8e,0x8e,0x8e,0x8e,0x8e,0x8e,0x8e,0x8e,0x8e,0x8e,0x8e,0x54,0x64,0x64,0x71,0x7c,0x83,0x7c,0x69,0x54,0x8e,0x8e,0x8e,0x8e,
    0x8e,0x8e,0x8e,0x8e,0x8e,0x8e,0x8e,0x8e,0x8e,0x8e,0x8e,0x8e,0x8e,0x8e,0x8e,0x8e,0x8e,0x8e,0x8e,0x8e,0x8e,0x8e,0x8e,0x8e,0x8e,0x8e,0x8e,0x8e,0x8e,0x8e,0x8e,0x8e,
    0x8e,0x8e,0x8e,0x8e,0x8e,0x54,0x64,0x69,0x71,0x83,0x7c,0x71,0x69,0x54,0x8e,0x8e,0x8e,0x8e,0x8e,0x8e,0x8e,0x8e,0x8e,0x8e,0x8e,0x8e,0x8e,0x8e,0x8e,0x8e,0x8e,0x8e,
    0x8e,0x8e,0x8e,0x8e,0x8e,0x8e,0x8e,0x8e,0x8e,0x8e,0x8e,0x8e,0x8e,0x8e,0x8e,0x8e,0x8e,0x8e,0x8e,0x8e,0x8e,0x8e,0x71,0x24,0x04,0x6c,0x03,0x72,0x72,0x50,0x50,0x50,
    0x50,0x03,0x03,0x9d,0x9d,0x9d,0x72,0x72,0x03,0x6c,0x03,0x15,0x71,0x8e,0x8e,0x8e,0x8e,0x8e,0x8e,0x8e,0x8e,0x8e,0x8e,0x8e,0x8e,0x8e,0x8e,0x8e,0x8e,0x8e,0x8e,0x8e,
    0x8e,0x8e,0x8e,0x8e,0x8e,0x8e,0x8e,0x8e,0x8e,0x8e,0x8e,0x8e,0x8e,0x8e,0x8e,0x8e,0x8e,0x8e,0x8e,0x54,0x64,0x64,0x71,0x7c,0x83,0x7c,0x69,0x54,0x8e,0x8e,0x8e,0x8e,
    0x8e,0x8e,0x8e,0x8e,0x8e,0x8e,0x8e,0x8e,0x8e,0x8e,0x8e,0x8e,0x8e,0x8e,0x8e,0x8e,0x8e,0x8e,0x8e,0x8e,0x8e,0x8e,0x8e,0x8e,0x8e,0x8e,0x8e,0x8e,0x8e,0x8e,0x8e,0x8e,
    0x8e,0x8e,0x8e,0x8e,0x8e,0x54,0x64,0x69,0x71,0x83,0x7c,0x71,0x69,0x54,0x8e,0x8e,0x8e,0x8e,0x8e,0x8e,0x8e,0x8e,0x8e,0x8e,0x8e,0x8e,0x8e,0x8e,0x8e,0x8e,0x8e,0x8e,
    0x8e,0x8e,0x8e,0x8e,0x8e,0x8e,0x8e,0x8e,0x8e,0x8e,0x8e,0x8e,0x8e,0x8e,0x8e,0x8e,0x8e,0x8e,0x8e,0x8e,0x8e,0x8e,0x71,0x24,0x04,0x6c,0x03,0x72,0x72,0x50,0x50,0x50,
    0x50,0x03,0x03,0x9d,0x9d,0x9d,0x72,0x72,0x03,0x6c,0x03,0x15,0x69,0x8e,0x8e,0x8e,0x8e,0x8e,0x8e,0x8e,0x8e,0x8e,0x8e,0x8e,0x8e,0x8e,0x8e,0x8e,0x8e,0x8e,0x8e,0x8e,
    0x8e,0x8e,0x8e,0x8e,0x8e,0x8e,0x8e,0x8e,0x8e,0x8e,0x8e,0x8e,0x8e,0x8e,0x8e,0x8e,0x8e,0x8e,0x8e,0x54,0x64,0x64,0x71,0x7c,0x83,0x7c,0x69,0x54,0x8e,0x8e,0x8e,0x8e,
    0x8e,0x8e,0x8e,0x8e,0x8e,0x8e,0x8e,0x8e,0x8e,0x8e,0x8e,0x8e,0x8e,0x8e,0x8e,0x8e,0x8e,0x8e,0x8e,0x8e,0x8e,0x8e,0x8e,0x8e,0x8e,0x8e,0x8e,0x8e,0x8e,0x8e,0x8e,0x8e,
    0x8e,0x8e,0x8e,0x8e,0x8e,0x54,0x64,0x69,0x71,0x83,0x7c,0x71,0x69,0x54,0x8e,0x8e,0x8e,0x8e,0x8e,0x8e,0x8e,0x8e,0x8e,0x8e,0x8e,0x8e,0x8e,0x8e,0x8e,0x8e,0x8e,0x8e,
    0x8e,0x8e,0x8e,0x8e,0x8e,0x8e,0x8e,0x8e,0x8e,0x8e,0x8e,0x8e,0x8e,0x8e,0x8e,0x8e,0x8e,0x8e,0x8e,0x8e,0x8e,0x8e,0x71,0x24,0x04,0x6c,0x03,0x72,0x72,0x50,0x50,0x50,
    0x50,0x03,0x03,0x9d,0x9d,0x9d,0x72,0x72,0x03,0x6c,0x03,0x15,0x69,0x8e,0x8e,0x8e,0x8e,0x8e,0x8e,0x8e,0x8e,0x8e,0x8e,0x8e,0x8e,0x8e,0x8e,0x8e,0x8e,0x8e,0x8e,0x8e,
    0x8e,0x8e,0x8e,0x8e,0x8e,0x8e,0x8e,0x8e,0x8e,0x8e,0x8e,0x8e,0x8e,0x8e,0x8e,0x8e,0x8e,0x8e,0x8e,0x54,0x64,0x64,0x71,0x7c,0x83,0x7c,0x69,0x54,0x8e,0x8e,0x8e,0x8e,
    0x8e,0x8e,0x8e,0x8e,0x8e,0x8e,0x8e,0x8e,0x8e,0x8e,0x8e,0x8e,0x8e,0x8e,0x8e,0x8e,0x8e,0x8e,0x8e,0x8e,0x8e,0x8e,0x8e,0x8e,0x8e,0x8e,0x8e,0x8e,0x8e,0x8e,0x8e,0x8e,
    0x8e,0x8e,0x8e,0x8e,0x8e,0x54,0x64,0x69,0x71,0x83,0x7c,0x71,0x69,0x54,0x8e,0x8e,0x8e,0x8e,0x8e,0x8e,0x8e,0x8e,0x8e,0x8e,0x8e,0x8e,0x8e,0x8e,0x8e,0x8e,0x8e,0x8e,
    0x8e,0x8e,0x8e,0x8e,0x8e,0x8e,0x8e,0x8e,0x8e,0x8e,0x8e,0x8e,0x8e,0x8e,0x8e,0x8e,0x8e,0x8e,0x8e,0x8e,0x8e,0x8e,0x71,0x24,0x04,0x6c,0x03,0x72,0x72,0x50,0x50,0x50,
    0x50,0x03,0x03,0x9d,0x9d,0x9d,0x72,0x72,0x03,0x6c,0x05,0x10,0x69,0x8e,0x8e,0x8e,0x8e,0x8e,0x8e,0x8e,0x8e,0x8e,0x8e,0x8e,0x8e,0x8e,0x8e,0x8e,0x8e,0x8e,0x8e,0x8e,
    0x8e,0x8e,0x8e,0x8e,0x8e,0x8e,0x8e,0x8e,0x8e,0x8e,0x8e,0x8e,0x8e,0x8e,0x8e,0x8e,0x8e,0x8e,0x8e,0x54,0x64,0x64,0x71,0x7c,0x83,0x7c,0x69,0x54,0x8e,0x8e,0x8e,0x8e,
    0x8e,0x8e,0x8e,0x8e,0x8e,0x8e,0x8e,0x8e,0x8e,0x8e,0x8e,0x8e,0x8e,0x8e,0x8e,0x8e,0x8e,0x8e,0x8e,0x8e,0x8e,0x8e,0x8e,0x8e,0x8e,0x8e,0x8e,0x8e,0x8e,0x8e,0x8e,0x8e,
    0x8e,0x8e,0x8e,0x8e,0x8e,0x54,0x64,0x69,0x71,0x83,0x7c,0x71,0x69,0x54,0x8e,0x8e,0x8e,0x8e,0x8e,0x8e,0x8e,0x8e,0x8e,0x8e,0x8e,0x8e,0x8e,0x8e,0x8e,0x8e,0x8e,0x8e,
    0x8e,0x8e,0x8e,0x8e,0x8e,0x8e,0x8e,0x8e,0x8e,0x8e,0x8e,0x8e,0x8e,0x8e,0x8e,0x8e,0x8e,0x8e,0x8e,0x8e,0x8e,0x8e,0x71,0x24,0x04,0x6c,0x03,0x72,0x72,0x50,0x50,0x50,
    0x50,0x03,0x03,0x9d,0x9d,0x9d,0x72,0x72,0x03,0x6c,0x05,0x10,0x64,0x8e,0x8e,0x8e,0x8e,0x8e,0x8e,0x8e,0x8e,0x8e,0x8e,0x8e,0x8e,0x8e,0x8e,0x8e,0x8e,0x8e,0x8e,0x8e,
    0x8e,0x8e,0x8e,0x8e,0x8e,0x8e,0x8e,0x8e,0x8e,0x8e,0x8e,0x8e,0x8e,0x8e,0x8e,0x8e,0x8e,0x8e,0x8e,0x54,0x64,0x64,0x71,0x7c,0x83,0x7c,0x71,0x54,0x8e,0x8e,0x8e,0x8e,
    0x8e,0x8e,0x8e,0x8e,0x8e,0x8e,0x8e,0x8e,0x8e,0x8e,0x8e,0x8e,0x8e,0x8e,0x8e,0x8e,0x8e,0x8e,0x8e,0x8e,0x8e,0x8e,0x8e,0x8e,0x8e,0x8e,0x8e,0x8e,0x8e,0x8e,0x8e,0x8e,
    0x8e,0x8e,0x8e,0x8e,0x8e,0x54,0x64,0x69,0x71,0x83,0x7c,0x71,0x69,0x54,0x8e,0x8e,0x8e,0x8e,0x8e,0x8e,0x8e,0x8e,0x8e,0x8e,0x8e,0x8e,0x8e,0x8e,0x8e,0x8e,0x8e,0x8e,
    0x8e,0x8e,0x8e,0x8e,0x8e,0x8e,0x8e,0x8e,0x8e,0x8e,0x8e,0x8e,0x8e,0x8e,0x8e,0x8e,0x8e,0x8e,0x8e,0x8e,0x8e,0x8e,0x71,0x24,0x04,0x6c,0x03,0x72,0x72,0x50,0x50,0x50,
    0x50,0x03,0x03,0x9d,0x9d,0x9d,0x72,0x72,0x03,0x6c,0x05,0x10,0x64,0x8e,0x8e,0x8e,0x8e,0x8e,0x8e,0x8e,0x8e,0x8e,0x8e,0x8e,0x8e,0x8e,0x8e,0x8e,0x8e,0x8e,0x8e,0x8e,
    0x8e,0x8e,0x8e,0x8e,0x8e,0x8e,0x8e,0x8e,0x8e,0x8e,0x8e,0x8e,0x8e,0x8e,0x8e,0x8e,0x8e,0x8e,0x8e,0x54,0x64,0x64,0x71,0x7c,0x83,0x7c,0x69,0x54,0x8e,0x8e,0x8e,0x8e,
    0x8e,0x8e,0x8e,0x8e,0x8e,0x8e,0x8e,0x8e,0x8e,0x8e,0x8e,0x8e,0x8e,0x8e,0x8e,0x8e,0x8e,0x8e,0x8e,0x8e,0x8e,0x8e,0x8e,0x8e,0x8e,0x8e,0x8e,0x8e,0x8e,0x8e,0x8e,0x8e,
    0x8e,0x8e,0x8e,0x8e,0x8e,0x54,0x64,0x69,0x71,0x83,0x7c,0x71,0x69,0x54,0x8e,0x8e,0x8e,0x8e,0x8e,0x8e,0x8e,0x8e,0x8e,0x8e,0x8e,0x8e,0x8e,0x8e,0x8e,0x8e,0x8e,0x8e,
    0x8e,0x8e,0x8e,0x8e,0x8e,0x8e,0x8e,0x8e,0x8e,0x8e,0x8e,0x8e,0x8e,0x8e,0x8e,0x8e,0x8e,0x8e,0x8e,0x8e,0x8e,0x8e,0x71,0x24,0x04,0x6c,0x03,0x72,0x72,0x50,0x50,0x50,
    0x50,0x03,0x03,0x9d,0x9d,0x9d,0x72,0x72,0x03,0x6c,0x05,0x10,0x64,0x8e,0x8e,0x8e,0x8e,0x8e,0x8e,0x8e,0x8e,0x8e,0x8e,0x8e,0x8e,0x8e,0x8e,0x8e,0x8e,0x8e,0x8e,0x8e,
    0x8e,0x8e,0x8e,0x8e,0x8e,0x8e,0x8e,0x8e,0x8e,0x8e,0x8e,0x8e,0x8e,0x8e,0x8e,0x8e,0x8e,0x8e,0x8e,0x54,0x64,0x64,0x71,0x7c,0x83,0x7c,0x69,0x54,0x8e,0x8e,0x8e,0x8e,
    0x8e,0x8e,0x8e,0x8e,0x8e,0x8e,0x8e,0x8e,0x8e,0x8e,0x8e,0x8e,0x8e,0x8e,0x8e,0x8e,0x8e,0x8e,0x8e,0x8e,0x8e,0x8e,0x8e,0x8e,0x8e,0x8e,0x8e,0x8e,0x8e,0x8e,0x8e,0x8e,
    0x8e,0x8e,0x8e,0x8e,0x8e,0x54,0x64,0x69,0x71,0x83,0x7c,0x71,0x69,0x54,0x8e,0x8e,0x8e,0x8e,0x8e,0x8e,0x8e,0x8e,0x8e,0x8e,0x8e,0x8e,0x8e,0x8e,0x8e,0x8e,0x8e,0x8e,
    0x8e,0x8e,0x8e,0x8e,0x8e,0x8e,0x8e,0x8e,0x8e,0x8e,0x8e,0x8e,0x8e,0x8e,0x8e,0x8e,0x8e,0x8e,0x8e,0x8e,0x8e,0x8e,0x71,0x24,0x04,0x6c,0x03,0x72,0x72,0x50,0x50,0x50,
    0x50,0x03,0x03,0x9d,0x9d,0x9d,0x72,0x72,0x03,0x6c,0x05,0x10,0x64,0x8e,0x8e,0x8e,0x8e,0x8e,0x8e,0x8e,0x8e,0x8e,0x8e,0x8e,0x8e,0x8e,0x8e,0x8e,0x8e,0x8e,0x8e,0x8e,
    0x8e,0x8e,0x8e,0x8e,0x8e,0x8e,0x8e,0x8e,0x8e,0x8e,0x8e,0x8e,0x8e,0x8e,0x8e,0x8e,0x8e,0x8e,0x8e,0x54,0x64,0x64,0x71,0x7c,0x83,0x7c,0x69,0x54,0x8e,0x8e,0x8e,0x8e,
    0x8e,0x8e,0x8e,0x8e,0x8e,0x8e,0x8e,0x8e,0x8e,0x8e,0x8e,0x8e,0x8e,0x8e,0x8e,0x8e,0x8e,0x8e,0x8e,0x8e,0x8e,0x8e,0x8e,0x8e,0x8e,0x8e,0x8e,0x8e,0x8e,0x8e,0x8e,0x8e,
    0x8e,0x8e,0x8e,0x8e,0x8e,0x54,0x64,0x69,0x71,0x83,0x7c,0x71,0x69,0x54,0x8e,0x8e,0x8e,0x8e,0x8e,0x8e,0x8e,0x8e,0x8e,0x8e,0x8e,0x8e,0x8e,0x8e,0x8e,0x8e,0x8e,0x8e,
    0x8e,0x8e,0x8e,0x8e,0x8e,0x8e,0x8e,0x8e,0x8e,0x8e,0x8e,0x8e,0x8e,0x8e,0x8e,0x8e,0x8e,0x8e,0x8e,0x8e,0x8e,0x8e,0x7c,0x24,0x04,0x6c,0x03,0x72,0x72,0x50,0x50,0x50,
    0x50,0x03,0x03,0x9d,0x9d,0x9d,0x72,0x72,0x03,0x6c,0x05,0x10,0x64,0x8e,0x8e,0x8e,0x8e,0x8e,0x8e,0x8e,0x8e,0x8e,0x8e,0x8e,0x8e,0x8e,0x8e,0x8e,0x8e,0x8e,0x8e,0x8e,
    0x8e,0x8e,0x8e,0x8e,0x8e,0x8e,0x8e,0x8e,0x8e,0x8e,0x8e,0x8e,0x8e,0x8e,0x8e,0x8e,0x8e,0x8e,0x8e,0x54,0x64,0x64,0x71,0x7c,0x83,0x7c,0x69,0x54,0x8e,0x8e,0x8e,0x8e,
    0x8e,0x8e,0x8e,0x8e,0x8e,0x8e,0x8e,0x8e,0x8e,0x8e,0x8e,0x8e,0x8e,0x8e,0x8e,0x8e,0x8e,0x8e,0x8e,0x8e,0x8e,0x8e,0x8e,0x8e,0x8e,0x8e,0x8e,0x8e,0x8e,0x8e,0x8e,0x8e,
    0x8e,0x8e,0x8e,0x8e,0x8e,0x54,0x64,0x69,0x71,0x83,0x7c,0x71,0x69,0x54,0x8e,0x8e,0x8e,0x8e,0x8e,0x8e,0x8e,0x8e,0x8e,0x8e,0x8e,0x8e,0x8e,0x8e,0x8e,0x8e,0x8e,0x8e,
    0x8e,0x8e,0x8e,0x8e,0x8e,0x8e,0x8e,0x8e,0x8e,0x8e,0x8e,0x8e,0x8e,0x8e,0x8e,0x8e,0x8e,0x8e,0x8e,0x8e,0x8e,0x8e,0x7c,0x24,0x04,0x6c,0x03,0x72,0x72,0x50,0x50,0x50,
    0x50,0x03,0x03,0x9d,0x9d,0x9d,0x72,0x72,0x03,0x6c,0x04,0x10,0x69,0x8e,0x8e,0x8e,0x8e,0x8e,0x8e,0x8e,0x8e,0x8e,0x8e,0x8e,0x8e,0x8e,0x8e,0x8e,0x8e,0x8e,0x8e,0x8e,
    0x8e,0x8e,0x8e,0x8e,0x8e,0x8e,0x8e,0x8e,0x8e,0x8e,0x8e,0x8e,0x8e,0x8e,0x8e,0x8e,0x8e,0x8e,0x8e,0x54,0x64,0x64,0x71,0x7c,0x83,0x7c,0x69,0x54,0x8e,0x8e,0x8e,0x8e,
    0x8e,0x8e,0x8e,0x8e,0x8e,0x8e,0x8e,0x8e,0x8e,0x8e,0x8e,0x8e,0x8e,0x8e,0x8e,0x8e,0x8e,0x8e,0x8e,0x8e,0x8e,0x8e,0x8e,0x8e,0x8e,0x8e,0x8e,0x8e,0x8e,0x8e,0x8e,0x8e,
    0x8e,0x8e,0x8e,0x8e,0x8e,0x54,0x64,0x69,0x71,0x83,0x7c,0x71,0x69,0x54,0x8e,0x8e,0x8e,0x8e,0x8e,0x8e,0x8e,0x8e,0x8e,0x8e,0x8e,0x8e,0x8e,0x8e,0x8e,0x8e,0x8e,0x8e,
    0x8e,0x8e,0x8e,0x8e,0x8e,0x8e,0x8e,0x8e,0x8e,0x8e,0x8e,0x8e,0x8e,0x8e,0x8e,0x8e,0x8e,0x8e,0x8e,0x8e,0x8e,0x8e,0x71,0x24,0x04,0x6c,0x03,0x72,0x72,0x50,0x50,0x50,
    0x50,0x03,0x03,0x9d,0x9d,0x9d,0x72,0x72,0x03,0x6c,0x06,0x18,0x69,0x8e,0x8e,0x8e,0x8e,0x8e,0x8e,0x8e,0x8e,0x8e,0x8e,0x8e,0x8e,0x8e,0x8e,0x8e,0x8e,0x8e,0x8e,0x8e,
    0x8e,0x8e,0x8e,0x8e,0x8e,0x8e,0x8e,0x8e,0x8e,0x8e,0x8e,0x8e,0x8e,0x8e,0x8e,0x8e,0x8e,0x8e,0x8e,0x54,0x64,0x64,0x71,0x7c,0x83,0x7c,0x69,0x54,0x8e,0x8e,0x8e,0x8e,
    0x8e,0x8e,0x8e,0x8e,0x8e,0x8e,0x8e,0x8e,0x8e,0x8e,0x8e,0x8e,0x8e,0x8e,0x8e,0x8e,0x8e,0x8e,0x8e,0x8e,0x8e,0x8e,0x8e,0x8e,0x8e,0x8e,0x8e,0x8e,0x8e,0x8e,0x8e,0x8e,
    0x8e,0x8e,0x8e,0x8e,0x8e,0x54,0x64,0x69,0x71,0x83,0x7c,0x71,0x69,0x54,0x8e,0x8e,0x8e,0x8e,0x8e,0x8e,0x8e,0x8e,0x8e,0x8e,0x8e,0x8e,0x8e,0x8e,0x8e,0x8e,0x8e,0x8e,
    0x8e,0x8e,0x8e,0x8e,0x8e,0x8e,0x8e,0x8e,0x8e,0x8e,0x8e,0x8e,0x8e,0x8e,0x8e,0x8e,0x8e,0x8e,0x8e,0x8e,0x8e,0x8e,0x7c,0x28,0x04,0x6c,0x03,0x72,0x72,0x50,0x50,0x50,
    0x50,0x03,0x03,0x9d,0x9d,0x9d,0x72,0x72,0x03,0x6c,0x07,0x18,0x69,0x8e,0x8e,0x8e,0x8e,0x8e,0x8e,0x8e,0x8e,0x8e,0x8e,0x8e,0x8e,0x8e,0x8e,0x8e,0x8e,0x8e,0x8e,0x8e,
    0x8e,0x8e,0x8e,0x8e,0x8e,0x8e,0x8e,0x8e,0x8e,0x8e,0x8e,0x8e,0x8e,0x8e,0x8e,0x8e,0x8e,0x8e,0x8e,0x54,0x64,0x64,0x71,0x7c,0x83,0x7c,0x69,0x54,0x8e,0x8e,0x8e,0x8e,
    0x8e,0x8e,0x8e,0x8e,0x8e,0x8e,0x8e,0x8e,0x8e,0x8e,0x8e,0x8e,0x8e,0x8e,0x8e,0x8e,0x8e,0x8e,0x8e,0x8e,0x8e,0x8e,0x8e,0x8e,0x8e,0x8e,0x8e,0x8e,0x8e,0x8e,0x8e,0x8e,
    0x8e,0x8e,0x8e,0x8e,0x8e,0x54,0x64,0x69,0x71,0x83,0x7c,0x71,0x69,0x54,0x8e,0x8e,0x8e,0x8e,0x8e,0x8e,0x8e,0x8e,0x8e,0x8e,0x8e,0x8e,0x8e,0x8e,0x8e,0x8e,0x8e,0x8e,
    0x8e,0x8e,0x8e,0x8e,0x8e,0x8e,0x8e,0x8e,0x8e,0x8e,0x8e,0x8e,0x8e,0x8e,0x8e,0x8e,0x8e,0x8e,0x8e,0x8e,0x8e,0x8e,0x7c,0x28,0x04,0x6c,0x03,0x72,0x72,0x50,0x50,0x50,
    0x50,0x03,0x03,0x9d,0x9d,0x9d,0x72,0x72,0x03,0x6c,0x06,0x15,0x69,0x8e,0x8e,0x8e,0x8e,0x8e,0x8e,0x8e,0x8e,0x8e,0x8e,0x8e,0x8e,0x8e,0x8e,0x8e,0x8e,0x8e,0x8e,0x8e,
    0x8e,0x8e,0x8e,0x8e,0x8e,0x8e,0x8e,0x8e,0x8e,0x8e,0x8e,0x8e,0x8e,0x8e,0x8e,0x8e,0x8e,0x8e,0x8e,0x54,0x64,0x64,0x71,0x7c,0x83,0x7c,0x69,0x54,0x8e,0x8e,0x8e,0x8e,
    0x8e,0x8e,0x8e,0x8e,0x8e,0x8e,0x8e,0x8e,0x8e,0x8e,0x8e,0x8e,0x8e,0x8e,0x8e,0x8e,0x8e,0x8e,0x8e,0x8e,0x8e,0x8e,0x8e,0x8e,0x8e,0x8e,0x8e,0x8e,0x8e,0x8e,0x8e,0x8e,
    0x8e,0x8e,0x8e,0x8e,0x8e,0x54,0x64,0x69,0x71,0x83,0x7c,0x71,0x69,0x54,0x8e,0x8e,0x8e,0x8e,0x8e,0x8e,0x8e,0x8e,0x8e,0x8e,0x8e,0x8e,0x8e,0x8e,0x8e,0x8e,0x8e,0x8e,
    0x8e,0x8e,0x8e,0x8e,0x8e,0x8e,0x8e,0x8e,0x8e,0x8e,0x8e,0x8e,0x8e,0x8e,0x8e,0x8e,0x8e,0x8e,0x8e,0x8e,0x8e,0x8e,0x7c,0x28,0x04,0x6c,0x03,0x72,0x72,0x50,0x50,0x50,
    0x50,0x03,0x03,0x9d,0x9d,0x9d,0x72,0x72,0x03,0x6c,0x06,0x15,0x69,0x8e,0x8e,0x8e,0x8e,0x8e,0x8e,0x8e,0x8e,0x8e,0x8e,0x8e,0x8e,0x8e,0x8e,0x8e,0x8e,0x8e,0x8e,0x8e,
    0x8e,0x8e,0x8e,0x8e,0x8e,0x8e,0x8e,0x8e,0x8e,0x8e,0x8e,0x8e,0x8e,0x8e,0x8e,0x8e,0x8e,0x8e,0x8e,0x54,0x64,0x64,0x71,0x7c,0x83,0x7c,0x69,0x54,0x8e,0x8e,0x8e,0x8e,
    0x8e,0x8e,0x8e,0x8e,0x8e,0x8e,0x8e,0x8e,0x8e,0x8e,0x8e,0x8e,0x8e,0x8e,0x8e,0x8e,0x8e,0x8e,0x8e,0x8e,0x8e,0x8e,0x8e,0x8e,0x8e,0x8e,0x8e,0x8e,0x8e,0x8e,0x8e,0x8e,
    0x8e,0x8e,0x8e,0x8e,0x8e,0x54,0x64,0x69,0x71,0x83,0x7c,0x71,0x69,0x54,0x8e,0x8e,0x8e,0x8e,0x8e,0x8e,0x8e,0x8e,0x8e,0x8e,0x8e,0x8e,0x8e,0x8e,0x8e,0x8e,0x8e,0x8e,
    0x8e,0x8e,0x8e,0x8e,0x8e,0x8e,0x8e,0x8e,0x8e,0x8e,0x8e,0x8e,0x8e,0x8e,0x8e,0x8e,0x8e,0x8e,0x8e,0x8e,0x8e,0x8e,0x7c,0x28,0x04,0x6c,0x03,0x72,0x72,0x50,0x50,0x50,
    0x50,0x03,0x03,0x9d,0x9d,0x9d,0x72,0x72,0x03,0x6c,0x06,0x15,0x69,0x8e,0x8e,0x8e,0x8e,0x8e,0x8e,0x8e,0x8e,0x8e,0x8e,0x8e,0x8e,0x8e,0x8e,0x8e,0x8e,0x8e,0x8e,0x8e,
    0x8e,0x8e,0x8e,0x8e,0x8e,0x8e,0x8e,0x8e,0x8e,0x8e,0x8e,0x8e,0x8e,0x8e,0x8e,0x8e,0x8e,0x8e,0x8e,0x54,0x64,0x64,0x71,0x7c,0x83,0x7c,0x69,0x54,0x8e,0x8e,0x8e,0x8e,
    0x8e,0x8e,0x8e,0x8e,0x8e,0x8e,0x8e,0x8e,0x8e,0x8e,0x8e,0x8e,0x8e,0x8e,0x8e,0x8e,0x8e,0x8e,0x8e,0x8e,0x8e,0x8e,0x8e,0x8e,0x8e,0x8e,0x8e,0x8e,0x8e,0x8e,0x8e,0x8e,
    0x8e,0x8e,0x8e,0x8e,0x8e,0x54,0x64,0x69,0x71,0x83,0x7c,0x71,0x69,0x54,0x8e,0x8e,0x8e,0x8e,0x8e,0x8e,0x8e,0x8e,0x8e,0x8e,0x8e,0x8e,0x8e,0x8e,0x8e,0x8e,0x8e,0x8e,
    0x8e,0x8e,0x8e,0x8e,0x8e,0x8e,0x8e,0x8e,0x8e,0x8e,0x8e,0x8e,0x8e,0x8e,0x8e,0x8e,0x8e,0x8e,0x8e,0x8e,0x8e,0x8e,0x71,0x28,0x05,0x6c,0x03,0x72,0x72,0x50,0x50,0x50,
    0x50,0x03,0x03,0x9d,0x9d,0x9d,0x72,0x72,0x03,0x6c,0x04,0x18,0x69,0x8e,0x8e,0x8e,0x8e,0x8e,0x8e,0x8e,0x8e,0x8e,0x8e,0x8e,0x8e,0x8e,0x8e,0x8e,0x8e,0x8e,0x8e,0x8e,
    0x8e,0x8e,0x8e,0x83,0x8e,0x8e,0x8e,0x8e,0x8e,0x8e,0x8e,0x8e,0x8e,0x8e,0x8e,0x8e,0x8e,0x8e,0x8e,0x54,0x64,0x64,0x71,0x7c,0x83,0x7c,0x69,0x54,0x8e,0x8e,0x8e,0x8e,
    0x8e,0x8e,0x8e,0x8e,0x8e,0x8e,0x83,0x8e,0x8e,0x8e,0x8e,0x8e,0x8e,0x8e,0x8e,0x8e,0x8e,0x8e,0x8e,0x8e,0x8e,0x8e,0x83,0x8e,0x8e,0x8e,0x8e,0x8e,0x8e,0x8e,0x8e,0x8e,
    0x8e,0x8e,0x8e,0x8e,0x8e,0x54,0x64,0x69,0x71,0x83,0x7c,0x71,0x69,0x54,0x8e,0x8e,0x8e,0x8e,0x8e,0x8e,0x8e,0x8e,0x8e,0x8e,0x8e,0x8e,0x8e,0x8e,0x8e,0x8e,0x8e,0x83,
    0x8e,0x8e,0x8e,0x8e,0x8e,0x8e,0x8e,0x8e,0x8e,0x8e,0x8e,0x8e,0x8e,0x8e,0x8e,0x8e,0x8e,0x8e,0x8e,0x8e,0x8e,0x83,0x71,0x28,0x05,0x6c,0x03,0x72,0x72,0x50,0x50,0x50,
    0x50,0x03,0x03,0x9d,0x9d,0x9d,0x72,0x72,0x03,0x6c,0x04,0x18,0x69,0x83,0x83,0x83,0x83,0x83,0x83,0x83,0x83,0x83,0x83,0x83,0x83,0x83,0x83,0x83,0x83,0x83,0x83,0x83,
    0x83,0x83,0x83,0x83,0x83,0x83,0x83,0x83,0x83,0x83,0x83,0x83,0x83,0x83,0x83,0x83,0x83,0x83,0x83,0x54,0x64,0x64,0x71,0x7c,0x83,0x7c,0x69,0x54,0x83,0x83,0x83,0x83,
    0x83,0x83,0x83,0x83,0x83,0x83,0x83,0x83,0x83,0x83,0x83,0x83,0x83,0x83,0x83,0x83,0x83,0x83,0x83,0x83,0x83,0x83,0x83,0x83,0x83,0x83,0x83,0x83,0x83,0x83,0x83,0x83,
    0x83,0x83,0x83,0x83,0x83,0x54,0x64,0x69,0x71,0x83,0x7c,0x71,0x69,0x54,0x83,0x83,0x83,0x83,0x83,0x83,0x83,0x83,0x83,0x83,0x83,0x83,0x83,0x83,0x83,0x83,0x83,0x83,
    0x83,0x83,0x83,0x83,0x83,0x83,0x83,0x83,0x83,0x83,0x83,0x83,0x83,0x83,0x83,0x83,0x83,0x83,0x83,0x83,0x83,0x83,0x71,0x28,0x05,0x6c,0x03,0x72,0x72,0x50,0x50,0x50,
    0x50,0x03,0x03,0x9d,0x9d,0x9d,0x72,0x72,0x03,0x6c,0x06,0x18,0x69,0x83,0x83,0x83,0x83,0x83,0x83,0x83,0x83,0x83,0x83,0x83,0x83,0x83,0x83,0x83,0x83,0x83,0x83,0x83,
    0x83,0x83,0x83,0x83,0x83,0x83,0x83,0x83,0x83,0x83,0x83,0x83,0x83,0x83,0x83,0x83,0x83,0x83,0x83,0x54,0x64,0x64,0x71,0x7c,0x83,0x7c,0x71,0x54,0x83,0x83,0x83,0x83,
    0x83,0x83,0x83,0x83,0x83,0x83,0x83,0x83,0x83,0x83,0x83,0x83,0x83,0x83,0x83,0x83,0x83,0x83,0x83,0x83,0x83,0x83,0x83,0x83,0x83,0x83,0x83,0x83,0x83,0x83,0x83,0x83,
    0x83,0x83,0x83,0x83,0x83,0x54,0x64,0x69,0x71,0x83,0x7c,0x71,0x69,0x54,0x83,0x83,0x83,0x83,0x83,0x83,0x83,0x83,0x83,0x83,0x83,0x83,0x83,0x83,0x83,0x83,0x83,0x83,
    0x83,0x83,0x83,0x83,0x83,0x83,0x83,0x83,0x83,0x83,0x83,0x83,0x83,0x83,0x83,0x83,0x83,0x83,0x83,0x83,0x83,0x83,0x71,0x28,0x05,0x6c,0x03,0x72,0x72,0x50,0x50,0x50,
    0x50,0x03,0x03,0x9d,0x9d,0x9d,0x72,0x72,0x03,0x6c,0x06,0x18,0x69,0x83,0x83,0x83,0x83,0x83,0x83,0x83,0x83,0x83,0x83,0x83,0x83,0x83,0x83,0x83,0x83,0x83,0x83,0x83,
    0x83,0x83,0x83,0x83,0x83,0x83,0x83,0x83,0x83,0x83,0x83,0x83,0x83,0x83,0x83,0x83,0x83,0x83,0x83,0x54,0x64,0x64,0x71,0x7c,0x83,0x7c,0x71,0x54,0x83,0x83,0x83,0x83,
    0x83,0x83,0x83,0x83,0x83,0x83,0x83,0x83,0x83,0x83,0x83,0x83,0x83,0x83,0x83,0x83,0x83,0x83,0x83,0x83,0x83,0x83,0x83,0x83,0x83,0x83,0x83,0x83,0x83,0x83,0x83,0x83,
    0x83,0x83,0x83,0x83,0x83,0x54,0x64,0x69,0x71,0x83,0x7c,0x71,0x69,0x54,0x83,0x83,0x83,0x83,0x83,0x83,0x83,0x83,0x83,0x83,0x83,0x83,0x83,0x83,0x83,0x83,0x83,0x83,
    0x83,0x83,0x83,0x83,0x83,0x83,0x83,0x83,0x83,0x83,0x83,0x83,0x83,0x83,0x83,0x83,0x83,0x83,0x83,0x83,0x83,0x83,0x71,0x28,0x05,0x6c,0x03,0x72,0x72,0x50,0x50,0x50,
    0x50,0x03,0x03,0x9d,0x9d,0x9d,0x72,0x72,0x03,0x6c,0x04,0x18,0x69,0x83,0x83,0x83,0x83,0x83,0x83,0x83,0x83,0x83,0x83,0x83,0x83,0x83,0x83,0x83,0x83,0x83,0x83,0x83,
    0x83,0x83,0x83,0x83,0x83,0x83,0x83,0x83,0x83,0x83,0x83,0x83,0x83,0x83,0x83,0x83,0x83,0x83,0x83,0x54,0x64,0x64,0x71,0x7c,0x83,0x7c,0x71,0x54,0x83,0x83,0x83,0x83,
    0x83,0x83,0x83,0x83,0x83,0x83,0x83,0x83,0x83,0x83,0x83,0x83,0x83,0x83,0x83,0x83,0x83,0x83,0x83,0x83,0x83,0x83,0x83,0x83,0x83,0x83,0x83,0x83,0x83,0x83,0x83,0x83,
    0x83,0x83,0x83,0x83,0x83,0x54,0x64,0x69,0x71,0x83,0x7c,0x71,0x69,0x54,0x83,0x83,0x83,0x83,0x83,0x83,0x83,0x83,0x83,0x83,0x83,0x83,0x83,0x83,0x83,0x83,0x83,0x83,
    0x83,0x83,0x83,0x83,0x83,0x83,0x83,0x83,0x83,0x83,0x83,0x83,0x83,0x83,0x83,0x83,0x83,0x83,0x83,0x83,0x83,0x83,0x71,0x28,0x05,0x6c,0x03,0x72,0x72,0x50,0x50,0x50,
    0x50,0x03,0x03,0x9d,0x9d,0x9d,0x72,0x72,0x03,0x6c,0x04,0x18,0x69,0x83,0x83,0x83,0x83,0x83,0x83,0x83,0x83,0x83,0x83,0x83,0x83,0x83,0x83,0x83,0x83,0x83,0x83,0x83,
    0x83,0x83,0x83,0x83,0x83,0x83,0x83,0x83,0x83,0x83,0x83,0x83,0x83,0x83,0x83,0x83,0x83,0x83,0x83,0x54,0x64,0x64,0x71,0x7c,0x83,0x7c,0x69,0x54,0x83,0x83,0x83,0x83,
    0x83,0x83,0x83,0x83,0x83,0x83,0x83,0x83,0x83,0x83,0x83,0x83,0x83,0x83,0x83,0x83,0x83,0x83,0x83,0x83,0x83,0x83,0x83,0x83,0x83,0x83,0x83,0x83,0x83,0x83,0x83,0x83,
    0x83,0x83,0x83,0x83,0x83,0x54,0x64,0x69,0x71,0x83,0x7c,0x71,0x69,0x54,0x83,0x83,0x83,0x83,0x83,0x83,0x83,0x83,0x83,0x83,0x83,0x83,0x83,0x83,0x83,0x83,0x83,0x83,
    0x83,0x83,0x83,0x83,0x83,0x83,0x83,0x83,0x83,0x83,0x83,0x83,0x83,0x83,0x83,0x83,0x83,0x83,0x83,0x83,0x83,0x83,0x71,0x28,0x05,0x6c,0x03,0x72,0x72,0x50,0x50,0x50,
    0x50,0x03,0x03,0x9d,0x9d,0x9d,0x72,0x72,0x03,0x6c,0x04,0x18,0x69,0x83,0x83,0x83,0x83,0x83,0x83,0x83,0x83,0x83,0x83,0x83,0x83,0x83,0x83,0x83,0x83,0x83,0x83,0x83,
    0x83,0x83,0x83,0x83,0x83,0x83,0x83,0x83,0x83,0x83,0x83,0x83,0x83,0x83,0x83,0x83,0x83,0x83,0x83,0x54,0x64,0x64,0x71,0x7c,0x83,0x7c,0x69,0x54,0x83,0x83,0x83,0x83,
    0x83,0x83,0x83,0x83,0x83,0x83,0x83,0x83,0x83,0x83,0x83,0x83,0x83,0x83,0x83,0x83,0x83,0x83,0x83,0x83,0x83,0x83,0x83,0x83,0x83,0x83,0x83,0x83,0x83,0x83,0x83,0x83,
    0x83,0x83,0x83,0x83,0x83,0x54,0x64,0x69,0x71,0x83,0x7c,0x71,0x69,0x54,0x83,0x83,0x83,0x83,0x83,0x83,0x83,0x83,0x83,0x83,0x83,0x83,0x83,0x83,0x83,0x83,0x83,0x83,
    0x83,0x83,0x83,0x83,0x83,0x83,0x83,0x83,0x83,0x83,0x83,0x83,0x83,0x83,0x83,0x83,0x83,0x83,0x83,0x83,0x83,0x83,0x71,0x28,0x05,0x6c,0x03,0x72,0x72,0x50,0x50,0x50,
    0x50,0x03,0x03,0x9d,0x9d,0x9d,0x72,0x72,0x03,0x6c,0x04,0x18,0x69,0x83,0x83,0x83,0x83,0x83,0x83,0x83,0x83,0x83,0x83,0x83,0x83,0x83,0x83,0x83,0x83,0x83,0x83,0x83,
    0x83,0x83,0x83,0x83,0x83,0x83,0x83,0x83,0x83,0x83,0x83,0x83,0x83,0x83,0x83,0x83,0x83,0x83,0x83,0x54,0x64,0x64,0x71,0x7c,0x83,0x7c,0x71,0x54,0x83,0x83,0x83,0x83,
    0x83,0x83,0x83,0x83,0x83,0x83,0x83,0x83,0x83,0x83,0x83,0x83,0x83,0x83,0x83,0x83,0x83,0x83,0x83,0x83,0x83,0x83,0x83,0x83,0x83,0x83,0x83,0x83,0x83,0x83,0x83,0x83,
    0x83,0x83,0x83,0x83,0x83,0x54,0x64,0x69,0x71,0x83,0x7c,0x71,0x69,0x54,0x83,0x83,0x83,0x83,0x83,0x83,0x83,0x83,0x83,0x83,0x83,0x83,0x83,0x83,0x83,0x83,0x83,0x83,
    0x83,0x83,0x83,0x83,0x83,0x83,0x83,0x83,0x83,0x83,0x83,0x83,0x83,0x83,0x83,0x83,0x83,0x83,0x83,0x83,0x83,0x83,0x71,0x28,0x05,0x6c,0x03,0x72,0x72,0x50,0x50,0x50,
    0x50,0x03,0x03,0x9d,0x9d,0x9d,0x72,0x72,0x03,0x6c,0x04,0x18,0x69,0x83,0x83,0x83,0x83,0x83,0x83,0x83,0x83,0x83,0x83,0x83,0x83,0x83,0x83,0x83,0x83,0x83,0x83,0x83,
    0x83,0x83,0x83,0x83,0x83,0x83,0x83,0x83,0x83,0x83,0x83,0x83,0x83,0x83,0x83,0x83,0x83,0x83,0x83,0x54,0x64,0x64,0x71,0x7c,0x83,0x7c,0x69,0x54,0x83,0x83,0x83,0x83,
    0x83,0x83,0x83,0x83,0x83,0x83,0x83,0x83,0x83,0x83,0x83,0x83,0x83,0x83,0x83,0x83,0x83,0x83,0x83,0x83,0x83,0x83,0x83,0x83,0x83,0x83,0x83,0x83,0x83,0x83,0x83,0x83,
    0x83,0x83,0x83,0x83,0x83,0x54,0x64,0x69,0x71,0x83,0x7c,0x71,0x69,0x54,0x83,0x83,0x83,0x83,0x83,0x83,0x83,0x83,0x83,0x83,0x83,0x83,0x83,0x83,0x83,0x83,0x83,0x83,
    0x83,0x83,0x83,0x83,0x83,0x83,0x83,0x83,0x83,0x83,0x83,0x83,0x83,0x83,0x83,0x83,0x83,0x83,0x83,0x83,0x83,0x83,0x71,0x28,0x05,0x6c,0x03,0x72,0x72,0x50,0x50,0x50,
    0x50,0x03,0x03,0x9d,0x9d,0x9d,0x72,0x72,0x03,0x6c,0x04,0x15,0x64,0x83,0x83,0x83,0x83,0x83,0x83,0x83,0x83,0x83,0x83,0x83,0x83,0x83,0x83,0x83,0x83,0x83,0x83,0x83,
    0x83,0x83,0x83,0x83,0x83,0x83,0x83,0x83,0x83,0x83,0x83,0x83,0x83,0x83,0x83,0x83,0x83,0x83,0x83,0x54,0x64,0x64,0x71,0x7c,0x83,0x7c,0x71,0x54,0x83,0x83,0x83,0x83,
    0x83,0x83,0x83,0x83,0x83,0x83,0x83,0x83,0x83,0x83,0x83,0x83,0x83,0x83,0x83,0x83,0x83,0x83,0x83,0x83,0x83,0x83,0x83,0x83,0x83,0x83,0x83,0x83,0x83,0x83,0x83,0x83,
    0x83,0x83,0x83,0x83,0x83,0x54,0x64,0x69,0x71,0x83,0x7c,0x71,0x69,0x54,0x83,0x83,0x83,0x83,0x83,0x83,0x83,0x83,0x83,0x83,0x83,0x83,0x83,0x83,0x83,0x83,0x83,0x83,
    0x83,0x83,0x83,0x83,0x83,0x83,0x83,0x83,0x83,0x83,0x83,0x83,0x83,0x83,0x83,0x83,0x83,0x83,0x83,0x83,0x83,0x83,0x71,0x28,0x05,0x6c,0x03,0x72,0x72,0x50,0x50,0x50,
    0x50,0x03,0x03,0x9d,0x9d,0x9d,0x72,0x72,0x03,0x6c,0x03,0x0d,0x5e,0x83,0x83,0x83,0x83,0x83,0x83,0x83,0x83,0x83,0x83,0x83,0x83,0x83,0x83,0x83,0x83,0x83,0x83,0x83,
    0x83,0x83,0x83,0x83,0x83,0x83,0x83,0x83,0x83,0x83,0x83,0x83,0x83,0x83,0x83,0x83,0x83,0x83,0x83,0x54,0x64,0x64,0x71,0x7c,0x83,0x7c,0x69,0x54,0x83,0x83,0x83,0x83,
    0x83,0x83,0x83,0x83,0x83,0x83,0x83,0x83,0x83,0x83,0x83,0x83,0x83,0x83,0x83,0x83,0x83,0x83,0x83,0x83,0x83,0x83,0x83,0x83,0x83,0x83,0x83,0x83,0x83,0x83,0x83,0x83,
    0x83,0x83,0x83,0x83,0x83,0x54,0x64,0x69,0x71,0x83,0x7c,0x71,0x69,0x54,0x83,0x83,0x83,0x83,0x83,0x83,0x83,0x83,0x83,0x83,0x83,0x83,0x83,0x83,0x83,0x83,0x83,0x83,
    0x83,0x83,0x83,0x83,0x83,0x83,0x83,0x83,0x83,0x83,0x83,0x83,0x83,0x83,0x83,0x83,0x83,0x83,0x83,0x83,0x83,0x83,0x71,0x28,0x05,0x6c,0x03,0x72,0x72,0x50,0x50,0x50,
    0x50,0x03,0x03,0x9d,0x9d,0x9d,0x72,0x72,0x03,0x6c,0x03,0x0d,0x64,0x83,0x83,0x83,0x83,0x83,0x83,0x83,0x83,0x83,0x83,0x83,0x83,0x83,0x83,0x83,0x83,0x83,0x83,0x83,
    0x83,0x83,0x83,0x83,0x83,0x83,0x83,0x83,0x83,0x83,0x83,0x83,0x83,0x83,0x83,0x83,0x83,0x83,0x83,0x54,0x64,0x64,0x71,0x7c,0x83,0x7c,0x69,0x54,0x83,0x83,0x83,0x83,
    0x83,0x83,0x83,0x83,0x83,0x83,0x83,0x83,0x83,0x83,0x83,0x83,0x83,0x83,0x83,0x83,0x83,0x83,0x83,0x83,0x83,0x83,0x83,0x83,0x83,0x83,0x83,0x83,0x83,0x83,0x83,0x83,
    0x83,0x83,0x83,0x83,0x83,0x54,0x64,0x69,0x71,0x83,0x7c,0x71,0x69,0x54,0x83,0x83,0x83,0x83,0x83,0x83,0x83,0x83,0x83,0x83,0x83,0x83,0x83,0x83,0x83,0x83,0x83,0x83,
    0x83,0x83,0x83,0x83,0x83,0x83,0x83,0x83,0x83,0x83,0x83,0x83,0x83,0x83,0x83,0x83,0x83,0x83,0x83,0x83,0x83,0x83,0x71,0x28,0x05,0x6c,0x03,0x72,0x72,0x50,0x50,0x50,
    0x50,0x03,0x03,0x9d,0x9d,0x9d,0x72,0x72,0x03,0x6c,0x05,0x07,0x69,0x83,0x83,0x83,0x83,0x83,0x83,0x83,0x83,0x83,0x83,0x83,0x83,0x83,0x83,0x83,0x83,0x83,0x83,0x83,
    0x83,0x83,0x83,0x83,0x83,0x83,0x83,0x83,0x83,0x83,0x83,0x83,0x83,0x83,0x83,0x83,0x83,0x83,0x83,0x54,0x64,0x64,0x71,0x7c,0x83,0x7c,0x71,0x54,0x83,0x83,0x83,0x83,
    0x83,0x83,0x83,0x83,0x83,0x83,0x83,0x83,0x83,0x83,0x83,0x83,0x83,0x83,0x83,0x83,0x83,0x83,0x83,0x83,0x83,0x83,0x83,0x83,0x83,0x83,0x83,0x83,0x83,0x83,0x83,0x83,
    0x83,0x83,0x83,0x83,0x83,0x54,0x64,0x69,0x71,0x83,0x7c,0x71,0x69,0x54,0x83,0x83,0x83,0x83,0x83,0x83,0x83,0x83,0x83,0x83,0x83,0x83,0x83,0x83,0x83,0x83,0x83,0x83,
    0x83,0x83,0x83,0x83,0x83,0x83,0x83,0x83,0x83,0x83,0x83,0x83,0x83,0x83,0x83,0x83,0x83,0x83,0x83,0x83,0x83,0x83,0x71,0x28,0x05,0x6c,0x03,0x72,0x72,0x50,0x50,0x50,
    0x50,0x03,0x03,0x9d,0x9d,0x9d,0x72,0x72,0x03,0x6c,0x06,0x08,0x5e,0x83,0x83,0x83,0x83,0x83,0x83,0x83,0x83,0x83,0x83,0x83,0x83,0x83,0x83,0x83,0x83,0x83,0x83,0x83,
    0x83,0x83,0x83,0x83,0x83,0x83,0x83,0x83,0x83,0x83,0x83,0x83,0x83,0x83,0x83,0x83,0x83,0x83,0x83,0x54,0x64,0x64,0x71,0x7c,0x83,0x7c,0x71,0x54,0x83,0x83,0x83,0x83,
    0x83,0x83,0x83,0x83,0x83,0x83,0x83,0x83,0x83,0x83,0x83,0x83,0x83,0x83,0x83,0x83,0x83,0x83,0x83,0x83,0x83,0x83,0x83,0x83,0x83,0x83,0x83,0x83,0x83,0x83,0x83,0x83,
    0x83,0x83,0x83,0x83,0x83,0x54,0x64,0x69,0x71,0x83,0x7c,0x71,0x69,0x54,0x83,0x83,0x83,0x83,0x83,0x83,0x83,0x83,0x83,0x83,0x83,0x83,0x83,0x83,0x83,0x83,0x83,0x83,
    0x83,0x83,0x83,0x83,0x83,0x83,0x83,0x83,0x83,0x83,0x83,0x83,0x83,0x83,0x83,0x83,0x83,0x83,0x83,0x83,0x83,0x83,0x71,0x28,0x05,0x6c,0x03,0x72,0x72,0x50,0x50,0x50,
    0x50,0x03,0x03,0x9d,0x9d,0x9d,0x72,0x72,0x03,0x6c,0x0d,0x18,0x64,0x83,0x83,0x83,0x83,0x83,0x83,0x83,0x83,0x83,0x83,0x83,0x83,0x83,0x83,0x83,0x83,0x83,0x83,0x83,
    0x83,0x83,0x83,0x83,0x83,0x83,0x83,0x83,0x83,0x83,0x83,0x83,0x83,0x83,0x83,0x83,0x83,0x83,0x83,0x54,0x64,0x64,0x71,0x7c,0x83,0x7c,0x69,0x54,0x83,0x83,0x83,0x83,
    0x83,0x83,0x83,0x83,0x83,0x83,0x83,0x83,0x83,0x83,0x83,0x83,0x83,0x83,0x83,0x83,0x83,0x83,0x83,0x83,0x83,0x83,0x83,0x83,0x83,0x83,0x83,0x83,0x83,0x83,0x83,0x83,
    0x83,0x83,0x83,0x83,0x83,0x54,0x64,0x69,0x71,0x83,0x7c,0x71,0x69,0x54,0x83,0x83,0x83,0x83,0x83,0x83,0x83,0x83,0x83,0x83,0x83,0x83,0x83,0x83,0x83,0x83,0x83,0x83,
    0x83,0x83,0x83,0x83,0x83,0x83,0x83,0x83,0x83,0x83,0x83,0x83,0x83,0x83,0x83,0x83,0x83,0x83,0x83,0x83,0x83,0x83,0x69,0x28,0x04,0x6c,0x03,0x72,0x72,0x50,0x50,0x50,
    0x50,0x03,0x03,0x9d,0x9d,0x9d,0x72,0x72,0x03,0x6c,0x08,0x15,0x5e,0x83,0x83,0x83,0x83,0x83,0x83,0x7c,0x83,0x83,0x83,0x7c,0x83,0x7c,0x7c,0x83,0x83,0x83,0x7c,0x7c,
    0x7c,0x83,0x83,0x83,0x83,0x7c,0x83,0x83,0x7c,0x83,0x83,0x7c,0x83,0x7c,0x7c,0x83,0x83,0x83,0x83,0x54,0x64,0x64,0x71,0x7c,0x83,0x7c,0x69,0x54,0x83,0x83,0x7c,0x7c,
    0x83,0x7c,0x83,0x7c,0x83,0x7c,0x7c,0x83,0x83,0x83,0x83,0x83,0x83,0x83,0x83,0x83,0x7c,0x83,0x83,0x7c,0x7c,0x83,0x83,0x7c,0x83,0x83,0x83,0x83,0x83,0x83,0x83,0x83,
    0x83,0x7c,0x83,0x83,0x7c,0x54,0x64,0x69,0x71,0x83,0x7c,0x71,0x69,0x54,0x83,0x7c,0x7c,0x7c,0x83,0x7c,0x83,0x83,0x83,0x7c,0x83,0x7c,0x7c,0x7c,0x7c,0x83,0x83,0x83,
    0x83,0x83,0x7c,0x83,0x7c,0x83,0x7c,0x83,0x7c,0x83,0x83,0x83,0x83,0x7c,0x7c,0x83,0x83,0x83,0x83,0x83,0x83,0x7c,0x64,0x10,0x03,0x6c,0x03,0x72,0x72,0x50,0x50,0x50,
    0x50,0x03,0x03,0x9d,0x9d,0x9d,0x72,0x72,0x03,0x6c,0x06,0x08,0x57,0x7c,0x7c,0x7c,0x7c,0x7c,0x7c,0x7c,0x7c,0x7c,0x7c,0x7c,0x7c,0x7c,0x7c,0x7c,0x7c,0x7c,0x7c,0x7c,
    0x7c,0x7c,0x7c,0x7c,0x7c,0x7c,0x7c,0x7c,0x7c,0x7c,0x7c,0x7c,0x7c,0x7c,0x7c,0x7c,0x7c,0x7c,0x7c,0x4f,0x64,0x64,0x71,0x7c,0x83,0x7c,0x69,0x4f,0x7c,0x7c,0x7c,0x7c,
    0x7c,0x7c,0x7c,0x7c,0x7c,0x7c,0x7c,0x7c,0x7c,0x7c,0x7c,0x7c,0x7c,0x7c,0x7c,0x7c,0x7c,0x7c,0x7c,0x7c,0x7c,0x7c,0x7c,0x7c,0x7c,0x7c,0x7c,0x7c,0x7c,0x7c,0x7c,0x7c,
    0x7c,0x7c,0x7c,0x7c,0x7c,0x4f,0x64,0x69,0x71,0x83,0x7c,0x71,0x69,0x4f,0x7c,0x7c,0x7c,0x7c,0x7c,0x7c,0x7c,0x7c,0x7c,0x7c,0x7c,0x7c,0x7c,0x7c,0x7c,0x7c,0x7c,0x7c,
    0x7c,0x7c,0x7c,0x7c,0x7c,0x7c,0x7c,0x7c,0x7c,0x7c,0x7c,0x7c,0x7c,0x7c,0x7c,0x7c,0x7c,0x7c,0x7c,0x7c,0x7c,0x7c,0x57,0x03,0x03,0x6c,0x03,0x72,0x72,0x50,0x50,0x50,
    0x50,0x03,0x03,0x9d,0x9d,0x9d,0x72,0x72,0x03,0x6c,0x05,0x06,0x4f,0x7c,0x7c,0x7c,0x7c,0x7c,0x7c,0x7c,0x7c,0x7c,0x7c,0x7c,0x7c,0x7c,0x7c,0x7c,0x7c,0x7c,0x7c,0x7c,
    0x7c,0x7c,0x7c,0x7c,0x7c,0x7c,0x7c,0x7c,0x7c,0x7c,0x7c,0x7c,0x7c,0x7c,0x7c,0x7c,0x7c,0x7c,0x7c,0x4f,0x64,0x64,0x71,0x7c,0x83,0x7c,0x69,0x4f,0x7c,0x7c,0x7c,0x7c,
    0x7c,0x7c,0x7c,0x7c,0x7c,0x7c,0x7c,0x7c,0x7c,0x7c,0x7c,0x7c,0x7c,0x7c,0x7c,0x7c,0x7c,0x7c,0x7c,0x7c,0x7c,0x7c,0x7c,0x7c,0x7c,0x7c,0x7c,0x7c,0x7c,0x7c,0x7c,0x7c,
    0x7c,0x7c,0x7c,0x7c,0x7c,0x4f,0x64,0x69,0x71,0x83,0x7c,0x71,0x69,0x4f,0x7c,0x7c,0x7c,0x7c,0x7c,0x7c,0x7c,0x7c,0x7c,0x7c,0x7c,0x7c,0x7c,0x7c,0x7c,0x7c,0x7c,0x7c,
    0x7c,0x7c,0x7c,0x7c,0x7c,0x7c,0x7c,0x7c,0x7c,0x7c,0x7c,0x7c,0x7c,0x7c,0x7c,0x7c,0x7c,0x7c,0x7c,0x7c,0x7c,0x7c,0x54,0x03,0x03,0x6c,0x03,0x72,0x72,0x50,0x50,0x50,
    0x50,0x03,0x03,0x9d,0x9d,0x9d,0x72,0x72,0x03,0x6c,0x05,0x08,0x36,0x69,0x7c,0x7c,0x7c,0x7c,0x7c,0x7c,0x7c,0x7c,0x7c,0x7c,0x7c,0x7c,0x7c,0x7c,0x7c,0x7c,0x7c,0x7c,
    0x7c,0x7c,0x7c,0x7c,0x7c,0x7c,0x7c,0x7c,0x7c,0x7c,0x7c,0x7c,0x7c,0x7c,0x7c,0x7c,0x7c,0x7c,0x7c,0x4f,0x64,0x64,0x71,0x7c,0x83,0x7c,0x71,0x4f,0x7c,0x7c,0x7c,0x7c,
    0x7c,0x7c,0x7c,0x7c,0x7c,0x7c,0x7c,0x7c,0x7c,0x7c,0x7c,0x7c,0x7c,0x7c,0x7c,0x7c,0x7c,0x7c,0x7c,0x7c,0x7c,0x7c,0x7c,0x7c,0x7c,0x7c,0x7c,0x7c,0x7c,0x7c,0x7c,0x7c,
    0x7c,0x7c,0x7c,0x7c,0x7c,0x4f,0x64,0x69,0x71,0x83,0x7c,0x71,0x69,0x4f,0x7c,0x7c,0x7c,0x7c,0x7c,0x7c,0x7c,0x7c,0x7c,0x7c,0x7c,0x7c,0x7c,0x7c,0x7c,0x7c,0x7c,0x7c,
    0x7c,0x7c,0x7c,0x7c,0x7c,0x7c,0x7c,0x7c,0x7c,0x7c,0x7c,0x7c,0x7c,0x7c,0x7c,0x7c,0x7c,0x7c,0x7c,0x7c,0x7c,0x71,0x42,0x06,0x03,0x6c,0x03,0x72,0x72,0x50,0x50,0x50,
    0x50,0x03,0x03,0x9d,0x9d,0x9d,0x72,0x72,0x03,0x6c,0x05,0x08,0x18,0x64,0x7c,0x7c,0x7c,0x7c,0x7c,0x7c,0x7c,0x7c,0x7c,0x7c,0x7c,0x7c,0x7c,0x7c,0x7c,0x7c,0x7c,0x7c,
    0x7c,0x7c,0x7c,0x7c,0x7c,0x7c,0x7c,0x7c,0x7c,0x7c,0x7c,0x7c,0x7c,0x7c,0x7c,0x7c,0x7c,0x7c,0x7c,0x4f,0x64,0x64,0x71,0x7c,0x83,0x7c,0x69,0x4f,0x7c,0x7c,0x7c,0x7c,
    0x7c,0x7c,0x7c,0x7c,0x7c,0x7c,0x7c,0x7c,0x7c,0x7c,0x7c,0x7c,0x7c,0x7c,0x7c,0x7c,0x7c,0x7c,0x7c,0x7c,0x7c,0x7c,0x7c,0x7c,0x7c,0x7c,0x7c,0x7c,0x7c,0x7c,0x7c,0x7c,
    0x7c,0x7c,0x7c,0x7c,0x7c,0x4f,0x64,0x69,0x71,0x83,0x7c,0x71,0x69,0x4f,0x7c,0x7c,0x7c,0x7c,0x7c,0x7c,0x7c,0x7c,0x7c,0x7c,0x7c,0x7c,0x7c,0x7c,0x7c,0x7c,0x7c,0x7c,
    0x7c,0x7c,0x7c,0x7c,0x7c,0x7c,0x7c,0x7c,0x7c,0x7c,0x7c,0x7c,0x7c,0x7c,0x7c,0x7c,0x7c,0x7c,0x7c,0x7c,0x7c,0x64,0x28,0x06,0x03,0x6c,0x03,0x72,0x72,0x50,0x50,0x50,
    0x50,0x03,0x03,0x9d,0x9d,0x9d,0x72,0x72,0x03,0x6c,0x06,0x06,0x0d,0x57,0x7c,0x7c,0x7c,0x7c,0x7c,0x7c,0x7c,0x7c,0x7c,0x7c,0x7c,0x7c,0x7c,0x7c,0x7c,0x7c,0x7c,0x7c,
    0x7c,0x7c,0x7c,0x7c,0x7c,0x7c,0x7c,0x7c,0x7c,0x7c,0x7c,0x7c,0x7c,0x7c,0x7c,0x7c,0x7c,0x7c,0x7c,0x4f,0x64,0x64,0x71,0x7c,0x83,0x7c,0x69,0x4f,0x7c,0x7c,0x7c,0x7c,
    0x7c,0x7c,0x7c,0x7c,0x7c,0x7c,0x7c,0x7c,0x7c,0x7c,0x7c,0x7c,0x7c,0x7c,0x7c,0x7c,0x7c,0x7c,0x7c,0x7c,0x7c,0x7c,0x7c,0x7c,0x7c,0x7c,0x7c,0x7c,0x7c,0x7c,0x7c,0x7c,
    0x7c,0x7c,0x7c,0x7c,0x7c,0x4f,0x64,0x69,0x71,0x83,0x7c,0x71,0x69,0x4f,0x7c,0x7c,0x7c,0x7c,0x7c,0x7c,0x7c,0x7c,0x7c,0x7c,0x7c,0x7c,0x7c,0x7c,0x7c,0x7c,0x7c,0x7c,
    0x7c,0x7c,0x7c,0x7c,0x7c,0x7c,0x7c,0x7c,0x7c,0x7c,0x7c,0x7c,0x7c,0x7c,0x7c,0x7c,0x7c,0x7c,0x7c,0x7c,0x7c,0x5e,0x10,0x06,0x03,0x6c,0x03,0x72,0x72,0x50,0x50,0x50,
    0x50,0x03,0x03,0x9d,0x9d,0x9d,0x72,0x72,0x03,0x6c,0x08,0x07,0x08,0x4f,0x7c,0x7c,0x7c,0x7c,0x7c,0x7c,0x7c,0x7c,0x7c,0x7c,0x7c,0x7c,0x7c,0x7c,0x7c,0x7c,0x7c,0x7c,
    0x7c,0x7c,0x7c,0x7c,0x7c,0x7c,0x7c,0x7c,0x7c,0x7c,0x7c,0x7c,0x7c,0x7c,0x7c,0x7c,0x7c,0x7c,0x7c,0x4f,0x64,0x64,0x71,0x7c,0x83,0x7c,0x71,0x4f,0x7c,0x7c,0x7c,0x7c,
    0x7c,0x7c,0x7c,0x7c,0x7c,0x7c,0x7c,0x7c,0x7c,0x7c,0x7c,0x7c,0x7c,0x7c,0x7c,0x7c,0x7c,0x7c,0x7c,0x7c,0x7c,0x7c,0x7c,0x7c,0x7c,0x7c,0x7c,0x7c,0x7c,0x7c,0x7c,0x7c,
    0x7c,0x7c,0x7c,0x7c,0x7c,0x4f,0x64,0x69,0x71,0x83,0x7c,0x71,0x69,0x4f,0x7c,0x7c,0x7c,0x7c,0x7c,0x7c,0x7c,0x7c,0x7c,0x7c,0x7c,0x7c,0x7c,0x7c,0x7c,0x7c,0x7c,0x7c,
    0x7c,0x7c,0x7c,0x7c,0x7c,0x7c,0x7c,0x7c,0x7c,0x7c,0x7c,0x7c,0x7c,0x7c,0x7c,0x7c,0x7c,0x7c,0x7c,0x7c,0x7c,0x57,0x08,0x03,0x03,0x6c,0x03,0x72,0x72,0x50,0x50,0x50,
    0x50,0x03,0x03,0x9d,0x9d,0x9d,0x72,0x72,0x03,0x6c,0x03,0x05,0x06,0x42,0x71,0x7c,0x7c,0x7c,0x7c,0x7c,0x7c,0x7c,0x7c,0x7c,0x7c,0x7c,0x7c,0x7c,0x7c,0x7c,0x7c,0x7c,
    0x7c,0x7c,0x7c,0x7c,0x7c,0x7c,0x7c,0x7c,0x7c,0x7c,0x7c,0x7c,0x7c,0x7c,0x7c,0x7c,0x7c,0x7c,0x7c,0x4f,0x64,0x64,0x71,0x7c,0x83,0x7c,0x69,0x4f,0x7c,0x7c,0x7c,0x7c,
    0x7c,0x7c,0x7c,0x7c,0x7c,0x7c,0x7c,0x7c,0x7c,0x7c,0x7c,0x7c,0x7c,0x7c,0x7c,0x7c,0x7c,0x7c,0x7c,0x7c,0x7c,0x7c,0x7c,0x7c,0x7c,0x7c,0x7c,0x7c,0x7c,0x7c,0x7c,0x7c,
    0x7c,0x7c,0x7c,0x7c,0x7c,0x4f,0x64,0x69,0x71,0x83,0x7c,0x71,0x69,0x4f,0x7c,0x7c,0x7c,0x7c,0x7c,0x7c,0x7c,0x7c,0x7c,0x7c,0x7c,0x7c,0x7c,0x7c,0x7c,0x7c,0x7c,0x7c,
    0x7c,0x7c,0x7c,0x7c,0x7c,0x7c,0x7c,0x7c,0x7c,0x7c,0x7c,0x7c,0x7c,0x7c,0x7c,0x7c,0x7c,0x7c,0x7c,0x7c,0x7c,0x54,0x06,0x03,0x03,0x6c,0x03,0x72,0x72,0x50,0x50,0x50,
    0x50,0x03,0x03,0x9d,0x9d,0x9d,0x72,0x72,0x03,0x6c,0x03,0x03,0x06,0x32,0x69,0x7c,0x7c,0x7c,0x7c,0x7c,0x7c,0x7c,0x7c,0x7c,0x7c,0x7c,0x7c,0x7c,0x7c,0x7c,0x7c,0x7c,
    0x7c,0x7c,0x7c,0x7c,0x7c,0x7c,0x7c,0x7c,0x7c,0x7c,0x7c,0x7c,0x7c,0x7c,0x7c,0x7c,0x7c,0x7c,0x7c,0x4f,0x64,0x64,0x71,0x7c,0x83,0x7c,0x69,0x4f,0x7c,0x7c,0x7c,0x7c,
    0x7c,0x7c,0x7c,0x7c,0x7c,0x7c,0x7c,0x7c,0x7c,0x7c,0x7c,0x7c,0x7c,0x7c,0x7c,0x7c,0x7c,0x7c,0x7c,0x7c,0x7c,0x7c,0x7c,0x7c,0x7c,0x7c,0x7c,0x7c,0x7c,0x7c,0x7c,0x7c,
    0x7c,0x7c,0x7c,0x7c,0x7c,0x4f,0x64,0x69,0x71,0x83,0x7c,0x71,0x69,0x4f,0x7c,0x7c,0x7c,0x7c,0x7c,0x7c,0x7c,0x7c,0x7c,0x7c,0x7c,0x7c,0x7c,0x7c,0x7c,0x7c,0x7c,0x7c,
    0x7c,0x7c,0x7c,0x7c,0x7c,0x7c,0x7c,0x7c,0x7c,0x7c,0x7c,0x7c,0x7c,0x7c,0x7c,0x7c,0x7c,0x7c,0x7c,0x7c,0x7c,0x54,0x04,0x03,0x03,0x6c,0x03,0x72,0x72,0x50,0x50,0x50,
    0x50,0x03,0x03,0x9d,0x9d,0x9d,0x72,0x72,0x03,0x6c,0x03,0x03,0x07,0x28,0x64,0x7c,0x7c,0x7c,0x7c,0x7c,0x7c,0x7c,0x7c,0x7c,0x7c,0x7c,0x7c,0x7c,0x7c,0x7c,0x7c,0x7c,
    0x7c,0x7c,0x7c,0x7c,0x7c,0x7c,0x7c,0x7c,0x7c,0x7c,0x7c,0x7c,0x7c,0x7c,0x7c,0x7c,0x7c,0x7c,0x7c,0x4f,0x64,0x64,0x71,0x7c,0x83,0x7c,0x69,0x4f,0x7c,0x7c,0x7c,0x7c,
    0x7c,0x7c,0x7c,0x7c,0x7c,0x7c,0x7c,0x7c,0x7c,0x7c,0x7c,0x7c,0x7c,0x7c,0x7c,0x7c,0x7c,0x7c,0x7c,0x7c,0x7c,0x7c,0x7c,0x7c,0x7c,0x7c,0x7c,0x7c,0x7c,0x7c,0x7c,0x7c,
    0x7c,0x7c,0x7c,0x7c,0x7c,0x4f,0x64,0x69,0x71,0x83,0x7c,0x71,0x69,0x4f,0x7c,0x7c,0x7c,0x7c,0x7c,0x7c,0x7c,0x7c,0x7c,0x7c,0x7c,0x7c,0x7c,0x7c,0x7c,0x7c,0x7c,0x7c,
    0x7c,0x7c,0x7c,0x7c,0x7c,0x7c,0x7c,0x7c,0x7c,0x7c,0x7c,0x7c,0x7c,0x7c,0x7c,0x7c,0x7c,0x7c,0x7c,0x7c,0x7c,0x54,0x04,0x03,0x03,0x6c,0x03,0x72,0x72,0x50,0x50,0x50,
    0x50,0x03,0x03,0x9d,0x9d,0x9d,0x72,0x72,0x03,0x6c,0x03,0x03,0x04,0x18,0x64,0x7c,0x7c,0x7c,0x7c,0x7c,0x7c,0x7c,0x7c,0x7c,0x7c,0x7c,0x7c,0x7c,0x7c,0x7c,0x7c,0x7c,
    0x7c,0x7c,0x7c,0x7c,0x7c,0x7c,0x7c,0x7c,0x7c,0x7c,0x7c,0x7c,0x7c,0x7c,0x7c,0x7c,0x7c,0x7c,0x7c,0x4f,0x64,0x64,0x71,0x7c,0x83,0x7c,0x71,0x4f,0x7c,0x7c,0x7c,0x7c,
    0x7c,0x7c,0x7c,0x7c,0x7c,0x7c,0x7c,0x7c,0x7c,0x7c,0x7c,0x7c,0x7c,0x7c,0x7c,0x7c,0x7c,0x7c,0x7c,0x7c,0x7c,0x7c,0x7c,0x7c,0x7c,0x7c,0x7c,0x7c,0x7c,0x7c,0x7c,0x7c,
    0x7c,0x7c,0x7c,0x7c,0x7c,0x4f,0x64,0x69,0x71,0x83,0x7c,0x71,0x69,0x4f,0x7c,0x7c,0x7c,0x7c,0x7c,0x7c,0x7c,0x7c,0x7c,0x7c,0x7c,0x7c,0x7c,0x7c,0x7c,0x7c,0x7c,0x7c,
    0x7c,0x7c,0x7c,0x7c,0x7c,0x7c,0x7c,0x7c,0x7c,0x7c,0x7c,0x7c,0x7c,0x7c,0x7c,0x7c,0x7c,0x7c,0x7c,0x7c,0x7c,0x4f,0x06,0x03,0x03,0x6c,0x03,0x72,0x72,0x50,0x50,0x50,
    0x50,0x03,0x03,0x9d,0x9d,0x9d,0x72,0x72,0x03,0x6c,0x03,0x03,0x05,0x15,0x5e,0x7c,0x7c,0x7c,0x7c,0x7c,0x7c,0x7c,0x7c,0x7c,0x7c,0x7c,0x7c,0x7c,0x7c,0x7c,0x7c,0x7c,
    0x7c,0x7c,0x7c,0x7c,0x7c,0x7c,0x7c,0x7c,0x7c,0x7c,0x7c,0x7c,0x7c,0x7c,0x7c,0x7c,0x7c,0x7c,0x7c,0x4f,0x64,0x64,0x71,0x7c,0x83,0x7c,0x69,0x4f,0x7c,0x7c,0x7c,0x7c,
    0x7c,0x7c,0x7c,0x7c,0x7c,0x7c,0x7c,0x7c,0x7c,0x7c,0x7c,0x7c,0x7c,0x7c,0x7c,0x7c,0x7c,0x7c,0x7c,0x7c,0x7c,0x7c,0x7c,0x7c,0x7c,0x7c,0x7c,0x7c,0x7c,0x7c,0x7c,0x7c,
    0x7c,0x7c,0x7c,0x7c,0x7c,0x4f,0x64,0x69,0x71,0x83,0x7c,0x71,0x69,0x4f,0x7c,0x7c,0x7c,0x7c,0x7c,0x7c,0x7c,0x7c,0x7c,0x7c,0x7c,0x7c,0x7c,0x7c,0x7c,0x7c,0x7c,0x7c,
    0x7c,0x7c,0x7c,0x7c,0x7c,0x7c,0x7c,0x7c,0x7c,0x7c,0x7c,0x7c,0x7c,0x7c,0x7c,0x7c,0x7c,0x7c,0x7c,0x7c,0x71,0x3d,0x08,0x03,0x03,0x6c,0x03,0x72,0x72,0x50,0x50,0x50,
    0x50,0x03,0x03,0x9d,0x9d,0x9d,0x72,0x72,0x03,0x6c,0x03,0x03,0x03,0x08,0x54,0x7c,0x7c,0x7c,0x7c,0x7c,0x7c,0x7c,0x7c,0x7c,0x7c,0x7c,0x7c,0x7c,0x7c,0x7c,0x7c,0x7c,
    0x7c,0x7c,0x7c,0x7c,0x7c,0x7c,0x7c,0x7c,0x7c,0x7c,0x7c,0x7c,0x7c,0x7c,0x7c,0x7c,0x7c,0x7c,0x7c,0x4f,0x64,0x64,0x71,0x7c,0x83,0x7c,0x69,0x4f,0x7c,0x7c,0x7c,0x7c,
    0x7c,0x7c,0x7c,0x7c,0x7c,0x7c,0x7c,0x7c,0x7c,0x7c,0x7c,0x7c,0x7c,0x7c,0x7c,0x7c,0x7c,0x7c,0x7c,0x7c,0x7c,0x7c,0x7c,0x7c,0x7c,0x7c,0x7c,0x7c,0x7c,0x7c,0x7c,0x7c,
    0x7c,0x7c,0x7c,0x7c,0x7c,0x4f,0x64,0x69,0x71,0x83,0x7c,0x71,0x69,0x4f,0x7c,0x7c,0x7c,0x7c,0x7c,0x7c,0x7c,0x7c,0x7c,0x7c,0x7c,0x7c,0x7c,0x7c,0x7c,0x7c,0x7c,0x7c,
    0x7c,0x7c,0x7c,0x7c,0x7c,0x7c,0x7c,0x7c,0x7c,0x7c,0x7c,0x7c,0x7c,0x7c,0x7c,0x7c,0x7c,0x7c,0x7c,0x7c,0x69,0x32,0x06,0x03,0x03,0x6c,0x03,0x72,0x72,0x50,0x50,0x50,
    0x50,0x03,0x03,0x9d,0x9d,0x9d,0x72,0x72,0x03,0x6c,0x03,0x03,0x03,0x04,0x3d,0x71,0x7c,0x7c,0x7c,0x7c,0x7c,0x7c,0x7c,0x7c,0x7c,0x7c,0x7c,0x7c,0x7c,0x7c,0x7c,0x7c,
    0x7c,0x7c,0x7c,0x7c,0x7c,0x7c,0x7c,0x7c,0x7c,0x7c,0x7c,0x7c,0x7c,0x7c,0x7c,0x7c,0x7c,0x7c,0x7c,0x4f,0x64,0x64,0x71,0x7c,0x83,0x7c,0x69,0x4f,0x7c,0x7c,0x7c,0x7c,
    0x7c,0x7c,0x7c,0x7c,0x7c,0x7c,0x7c,0x7c,0x7c,0x7c,0x7c,0x7c,0x7c,0x7c,0x7c,0x7c,0x7c,0x7c,0x7c,0x7c,0x7c,0x7c,0x7c,0x7c,0x7c,0x7c,0x7c,0x7c,0x7c,0x7c,0x7c,0x7c,
    0x7c,0x7c,0x7c,0x7c,0x7c,0x4f,0x64,0x69,0x71,0x83,0x7c,0x71,0x69,0x4f,0x7c,0x7c,0x7c,0x7c,0x7c,0x7c,0x7c,0x7c,0x7c,0x7c,0x7c,0x7c,0x7c,0x7c,0x7c,0x7c,0x7c,0x7c,
    0x7c,0x7c,0x7c,0x7c,0x7c,0x7c,0x7c,0x7c,0x7c,0x7c,0x7c,0x7c,0x7c,0x7c,0x7c,0x7c,0x7c,0x7c,0x7c,0x7c,0x64,0x24,0x03,0x03,0x03,0x6c,0x03,0x72,0x72,0x50,0x50,0x50,
    0x50,0x03,0x03,0x9d,0x9d,0x9d,0x72,0x72,0x03,0x6c,0x03,0x03,0x03,0x07,0x2d,0x69,0x7c,0x7c,0x7c,0x7c,0x7c,0x7c,0x7c,0x7c,0x7c,0x7c,0x7c,0x7c,0x7c,0x7c,0x7c,0x7c,
    0x7c,0x7c,0x7c,0x7c,0x7c,0x7c,0x7c,0x7c,0x7c,0x7c,0x7c,0x7c,0x7c,0x7c,0x7c,0x7c,0x7c,0x7c,0x7c,0x4f,0x64,0x64,0x71,0x7c,0x83,0x7c,0x71,0x4f,0x7c,0x7c,0x7c,0x7c,
    0x7c,0x7c,0x7c,0x7c,0x7c,0x7c,0x7c,0x7c,0x7c,0x7c,0x7c,0x7c,0x7c,0x7c,0x7c,0x7c,0x7c,0x7c,0x7c,0x7c,0x7c,0x7c,0x7c,0x7c,0x7c,0x7c,0x7c,0x7c,0x7c,0x7c,0x7c,0x7c,
    0x7c,0x7c,0x7c,0x7c,0x7c,0x4f,0x64,0x69,0x71,0x83,0x7c,0x71,0x69,0x4f,0x7c,0x7c,0x7c,0x7c,0x7c,0x7c,0x7c,0x7c,0x7c,0x7c,0x7c,0x7c,0x7c,0x7c,0x7c,0x7c,0x7c,0x7c,
    0x7c,0x7c,0x7c,0x7c,0x7c,0x7c,0x7c,0x7c,0x7c,0x7c,0x7c,0x7c,0x7c,0x7c,0x7c,0x7c,0x7c,0x7c,0x7c,0x7c,0x64,0x18,0x03,0x03,0x03,0x6c,0x03,0x72,0x72,0x50,0x50,0x50,
    0x50,0x03,0x03,0x9d,0x9d,0x9d,0x72,0x72,0x03,0x6c,0x03,0x03,0x03,0x08,0x24,0x5e,0x7c,0x7c,0x7c,0x7c,0x7c,0x7c,0x7c,0x7c,0x7c,0x7c,0x7c,0x7c,0x7c,0x7c,0x7c,0x7c,
    0x7c,0x7c,0x7c,0x7c,0x7c,0x7c,0x7c,0x7c,0x7c,0x7c,0x7c,0x7c,0x7c,0x7c,0x7c,0x7c,0x7c,0x7c,0x7c,0x4f,0x64,0x64,0x71,0x7c,0x83,0x7c,0x69,0x4f,0x7c,0x7c,0x7c,0x7c,
    0x7c,0x7c,0x7c,0x7c,0x7c,0x7c,0x7c,0x7c,0x7c,0x7c,0x7c,0x7c,0x7c,0x7c,0x7c,0x7c,0x7c,0x7c,0x7c,0x7c,0x7c,0x7c,0x7c,0x7c,0x7c,0x7c,0x7c,0x7c,0x7c,0x7c,0x7c,0x7c,
    0x7c,0x7c,0x7c,0x7c,0x7c,0x4f,0x64,0x69,0x71,0x83,0x7c,0x71,0x69,0x4f,0x7c,0x7c,0x7c,0x7c,0x7c,0x7c,0x7c,0x7c,0x7c,0x7c,0x7c,0x7c,0x7c,0x7c,0x7c,0x7c,0x7c,0x7c,
    0x7c,0x7c,0x7c,0x7c,0x7c,0x7c,0x7c,0x7c,0x7c,0x7c,0x7c,0x7c,0x7c,0x7c,0x7c,0x7c,0x7c,0x7c,0x7c,0x7c,0x64,0x15,0x03,0x03,0x03,0x6c,0x03,0x72,0x72,0x50,0x50,0x50,
    0x50,0x03,0x03,0x9d,0x9d,0x9d,0x72,0x72,0x03,0x6c,0x03,0x03,0x03,0x03,0x15,0x5e,0x7c,0x7c,0x7c,0x7c,0x7c,0x7c,0x7c,0x7c,0x7c,0x7c,0x7c,0x7c,0x7c,0x7c,0x7c,0x7c,
    0x7c,0x7c,0x7c,0x7c,0x7c,0x7c,0x7c,0x7c,0x7c,0x7c,0x7c,0x7c,0x7c,0x7c,0x7c,0x7c,0x7c,0x7c,0x7c,0x4f,0x64,0x64,0x71,0x7c,0x83,0x7c,0x69,0x4f,0x7c,0x7c,0x7c,0x7c,
    0x7c,0x7c,0x7c,0x7c,0x7c,0x7c,0x7c,0x7c,0x7c,0x7c,0x7c,0x7c,0x7c,0x7c,0x7c,0x7c,0x7c,0x7c,0x7c,0x7c,0x7c,0x7c,0x7c,0x7c,0x7c,0x7c,0x7c,0x7c,0x7c,0x7c,0x7c,0x7c,
    0x7c,0x7c,0x7c,0x7c,0x7c,0x4f,0x64,0x69,0x71,0x83,0x7c,0x71,0x69,0x4f,0x7c,0x7c,0x7c,0x7c,0x7c,0x7c,0x7c,0x7c,0x7c,0x7c,0x7c,0x7c,0x7c,0x7c,0x7c,0x7c,0x7c,0x7c,
    0x7c,0x7c,0x7c,0x7c,0x7c,0x7c,0x7c,0x7c,0x7c,0x7c,0x7c,0x7c,0x7c,0x7c,0x7c,0x7c,0x7c,0x7c,0x7c,0x7c,0x64,0x18,0x03,0x03,0x03,0x6c,0x03,0x72,0x72,0x50,0x50,0x50,
    0x50,0x03,0x03,0x9d,0x9d,0x9d,0x72,0x72,0x03,0x6c,0x03,0x03,0x03,0x03,0x08,0x57,0x7c,0x7c,0x7c,0x7c,0x7c,0x7c,0x7c,0x7c,0x7c,0x7c,0x7c,0x7c,0x7c,0x7c,0x7c,0x7c,
    0x7c,0x7c,0x7c,0x7c,0x7c,0x7c,0x7c,0x7c,0x7c,0x7c,0x7c,0x7c,0x7c,0x7c,0x7c,0x7c,0x7c,0x7c,0x7c,0x4f,0x64,0x64,0x71,0x7c,0x83,0x7c,0x69,0x4f,0x7c,0x7c,0x7c,0x7c,
    0x7c,0x7c,0x7c,0x7c,0x7c,0x7c,0x7c,0x7c,0x7c,0x7c,0x7c,0x7c,0x7c,0x7c,0x7c,0x7c,0x7c,0x7c,0x7c,0x7c,0x7c,0x7c,0x7c,0x7c,0x7c,0x7c,0x7c,0x7c,0x7c,0x7c,0x7c,0x7c,
    0x7c,0x7c,0x7c,0x7c,0x7c,0x4f,0x64,0x69,0x71,0x83,0x7c,0x71,0x69,0x4f,0x71,0x7c,0x71,0x7c,0x71,0x71,0x71,0x71,0x71,0x71,0x71,0x71,0x7c,0x71,0x7c,0x7c,0x71,0x71,
    0x71,0x71,0x71,0x71,0x71,0x71,0x71,0x71,0x71,0x71,0x71,0x71,0x71,0x71,0x71,0x71,0x71,0x71,0x71,0x71,0x57,0x10,0x03,0x03,0x03,0x6c,0x03,0x72,0x72,0x50,0x50,0x50,
    0x50,0x03,0x03,0x9d,0x9d,0x9d,0x72,0x72,0x03,0x6c,0x03,0x03,0x03,0x03,0x05,0x24,0x32,0x32,0x32,0x32,0x32,0x32,0x32,0x32,0x32,0x32,0x32,0x32,0x32,0x32,0x32,0x32,
    0x32,0x32,0x32,0x32,0x32,0x32,0x32,0x32,0x32,0x32,0x32,0x32,0x32,0x32,0x32,0x32,0x32,0x32,0x32,0x24,0x24,0x24,0x24,0x24,0x18,0x18,0x24,0x24,0x32,0x32,0x32,0x32,
    0x32,0x32,0x32,0x32,0x32,0x32,0x32,0x32,0x32,0x32,0x32,0x32,0x32,0x2d,0x32,0x2d,0x2d,0x32,0x2d,0x2d,0x32,0x2d,0x2d,0x2d,0x2d,0x2d,0x2d,0x2d,0x2d,0x2d,0x2d,0x2d,
    0x2d,0x2d,0x2d,0x2d,0x2d,0x18,0x18,0x15,0x15,0x18,0x18,0x18,0x18,0x18,0x18,0x2d,0x2d,0x2d,0x2d,0x2d,0x2d,0x2d,0x2d,0x2d,0x2d,0x2d,0x2d,0x2d,0x2d,0x2d,0x2d,0x2d,
    0x2d,0x2d,0x2d,0x2d,0x2d,0x2d,0x28,0x28,0x28,0x28,0x28,0x28,0x28,0x28,0x28,0x28,0x28,0x28,0x28,0x28,0x15,0x03,0x03,0x03,0x03,0x6c,0x03,0x72,0x72,0x50,0x50,0x50,
    0x50,0x03,0x03,0x9d,0x9d,0x9d,0x72,0x72,0x03,0x6c,0x03,0x07,0x03,0x03,0x03,0x03,0x05,0x05,0x05,0x05,0x05,0x05,0x05,0x05,0x05,0x05,0x05,0x05,0x05,0x05,0x05,0x05,
    0x05,0x05,0x05,0x05,0x05,0x05,0x05,0x05,0x05,0x05,0x05,0x05,0x05,0x05,0x05,0x05,0x05,0x05,0x05,0x05,0x05,0x05,0x05,0x05,0x05,0x05,0x05,0x05,0x05,0x05,0x05,0x05,
    0x05,0x05,0x05,0x05,0x05,0x05,0x05,0x05,0x05,0x05,0x05,0x05,0x05,0x05,0x05,0x05,0x05,0x03,0x03,0x05,0x05,0x05,0x05,0x05,0x05,0x05,0x05,0x05,0x05,0x05,0x05,0x05,
    0x05,0x05,0x05,0x05,0x05,0x05,0x05,0x05,0x05,0x05,0x05,0x05,0x05,0x05,0x05,0x05,0x05,0x05,0x05,0x05,0x05,0x05,0x05,0x05,0x05,0x05,0x05,0x05,0x05,0x05,0x05,0x05,
    0x05,0x05,0x05,0x05,0x05,0x05,0x05,0x05,0x05,0x05,0x05,0x05,0x05,0x05,0x05,0x05,0x05,0x05,0x05,0x05,0x05,0x03,0x03,0x03,0x06,0x6c,0x03,0x72,0x72,0x50,0x50,0x50,
    0x50,0x03,0x03,0x9d,0x9d,0x9d,0x72,0x72,0x03,0x6c,0x6c,0x6c,0x6c,0x6c,0x6c,0x6c,0x6c,0x6c,0x6c,0x6c,0x6c,0x6c,0x6c,0x6c,0x6c,0x6c,0x6c,0x6c,0x6c,0x6c,0x6c,0x6c,
    0x6c,0x6c,0x6c,0x6c,0x6c,0x6c,0x6c,0x6c,0x6c,0x6c,0x6c,0x6c,0x6c,0x6c,0x6c,0x6c,0x6c,0x6c,0x6c,0x6c,0x6c,0x6c,0x6c,0x6c,0x6c,0x6c,0x6c,0x6c,0x6c,0x6c,0x6c,0x6c,
    0x6c,0x6c,0x6c,0x6c,0x6c,0x6c,0x6c,0x6c,0x6c,0x6c,0x6c,0x6c,0x6c,0x6c,0x6c,0x6c,0x6c,0x6c,0x6c,0x6c,0x6c,0x6c,0x6c,0x6c,0x6c,0x6c,0x6c,0x6c,0x6c,0x6c,0x6c,0x6c,
    0x6c,0x6c,0x6c,0x6c,0x6c,0x6c,0x6c,0x6c,0x6c,0x6c,0x6c,0x6c,0x6c,0x6c,0x6c,0x6c,0x6c,0x6c,0x6c,0x6c,0x6c,0x6c,0x6c,0x6c,0x6c,0x6c,0x6c,0x6c,0x6c,0x6c,0x6c,0x6c,
    0x6c,0x6c,0x6c,0x6c,0x6c,0x6c,0x6c,0x6c,0x6c,0x6c,0x6c,0x6c,0x6c,0x6c,0x6c,0x6c,0x6c,0x6c,0x6c,0x6c,0x6c,0x6c,0x6c,0x6c,0x6c,0x6c,0x03,0x72,0x72,0x50,0x50,0x50,
    0x50,0x03,0x03,0x9d,0x9d,0x9d,0x72,0x72,0x03,0x03,0x03,0x03,0x03,0x03,0x03,0x03,0x03,0x03,0x03,0x03,0x03,0x03,0x03,0x03,0x03,0x03,0x03,0x03,0x03,0x03,0x03,0x03,
    0x03,0x03,0x03,0x03,0x03,0x03,0x03,0x03,0x03,0x03,0x03,0x03,0x03,0x03,0x03,0x03,0x03,0x03,0x03,0x03,0x03,0x03,0x03,0x03,0x03,0x03,0x03,0x03,0x03,0x03,0x03,0x03,
    0x03,0x03,0x03,0x03,0x03,0x03,0x03,0x03,0x03,0x03,0x03,0x03,0x03,0x03,0x03,0x03,0x03,0x03,0x03,0x03,0x03,0x03,0x03,0x03,0x03,0x03,0x03,0x03,0x03,0x03,0x03,0x03,
    0x03,0x03,0x03,0x03,0x03,0x03,0x03,0x03,0x03,0x03,0x03,0x03,0x03,0x03,0x03,0x03,0x03,0x03,0x03,0x03,0x03,0x03,0x03,0x03,0x03,0x03,0x03,0x03,0x03,0x03,0x03,0x03,
    0x03,0x03,0x03,0x03,0x03,0x03,0x03,0x03,0x03,0x03,0x03,0x03,0x03,0x03,0x03,0x03,0x03,0x03,0x03,0x03,0x03,0x03,0x03,0x03,0x03,0x03,0x03,0x72,0x72,0x50,0x50,0x50,
    0x50,0x03,0x03,0x9d,0x9d,0x9d,0x72,0x72,0x72,0x72,0x72,0x72,0x72,0x72,0x72,0x72,0x72,0x72,0x72,0x72,0x72,0x72,0x72,0x72,0x72,0x72,0x72,0x72,0x72,0x72,0x72,0x72,
    0x72,0x72,0x72,0x72,0x72,0x72,0x72,0x72,0x72,0x72,0x72,0x72,0x72,0x72,0x72,0x72,0x72,0x72,0x72,0x72,0x72,0x72,0x72,0x72,0x72,0x72,0x72,0x72,0x72,0x72,0x72,0x72,
    0x72,0x72,0x72,0x72,0x72,0x72,0x72,0x72,0x72,0x72,0x72,0x72,0x72,0x72,0x72,0x72,0x72,0x72,0x72,0x72,0x72,0x72,0x72,0x72,0x72,0x72,0x72,0x72,0x72,0x72,0x72,0x72,
    0x72,0x72,0x72,0x72,0x72,0x72,0x72,0x72,0x72,0x72,0x72,0x72,0x72,0x72,0x72,0x72,0x72,0x72,0x72,0x72,0x72,0x72,0x72,0x72,0x72,0x72,0x72,0x72,0x72,0x72,0x72,0x72,
    0x72,0x72,0x72,0x72,0x72,0x72,0x72,0x72,0x72,0x72,0x72,0x72,0x72,0x72,0x72,0x72,0x72,0x72,0x72,0x72,0x72,0x72,0x72,0x72,0x72,0x72,0x72,0x72,0x72,0x50,0x50,0x50,
    0x50,0x03,0x03,0x9d,0x9d,0x9d,0x72,0x72,0x72,0x72,0x72,0x72,0x72,0x72,0x72,0x72,0x72,0x72,0x72,0x72,0x72,0x72,0x72,0x72,0x72,0x72,0x72,0x72,0x72,0x72,0x72,0x72,
    0x72,0x72,0x72,0x72,0x72,0x72,0x72,0x72,0x72,0x72,0x72,0x72,0x72,0x72,0x72,0x72,0x72,0x72,0x72,0x72,0x72,0x72,0x72,0x72,0x72,0x72,0x72,0x72,0x72,0x72,0x72,0x72,
    0x72,0x72,0x72,0x72,0x72,0x72,0x72,0x72,0x72,0x72,0x72,0x72,0x72,0x72,0x72,0x72,0x72,0x72,0x72,0x72,0x72,0x72,0x72,0x72,0x72,0x72,0x72,0x72,0x72,0x72,0x72,0x72,
    0x72,0x72,0x72,0x72,0x72,0x72,0x72,0x72,0x72,0x72,0x72,0x72,0x72,0x72,0x72,0x72,0x72,0x72,0x72,0x72,0x72,0x72,0x72,0x72,0x72,0x72,0x72,0x72,0x72,0x72,0x72,0x72,
    0x72,0x72,0x72,0x72,0x72,0x72,0x72,0x72,0x72,0x72,0x72,0x72,0x72,0x72,0x72,0x72,0x72,0x72,0x72,0x72,0x72,0x72,0x72,0x72,0x72,0x72,0x72,0x72,0x72,0x50,0x50,0x50,
    0x50,0x03,0x03,0x9d,0x9d,0x9d,0x72,0x72,0x72,0x72,0x72,0x72,0x72,0x72,0x72,0x72,0x72,0x72,0x72,0x72,0x72,0x72,0x72,0x72,0x72,0x72,0x72,0x72,0x72,0x72,0x72,0x72,
    0x72,0x72,0x72,0x72,0x72,0x72,0x72,0x72,0x72,0x72,0x72,0x72,0x72,0x72,0x72,0x72,0x72,0x72,0x72,0x72,0x72,0x72,0x72,0x72,0x72,0x72,0x72,0x72,0x72,0x72,0x72,0x72,
    0x72,0x72,0x72,0x72,0x72,0x72,0x72,0x72,0x72,0x72,0x72,0x72,0x72,0x72,0x72,0x72,0x72,0x72,0x72,0x72,0x72,0x72,0x72,0x72,0x72,0x72,0x72,0x72,0x72,0x72,0x72,0x72,
    0x72,0x72,0x72,0x72,0x72,0x72,0x72,0x72,0x72,0x72,0x72,0x72,0x72,0x72,0x72,0x72,0x72,0x72,0x72,0x72,0x72,0x72,0x72,0x72,0x72,0x72,0x72,0x72,0x72,0x72,0x72,0x72,
    0x72,0x72,0x72,0x72,0x72,0x72,0x72,0x72,0x72,0x72,0x72,0x72,0x72,0x72,0x72,0x72,0x72,0x72,0x72,0x72,0x72,0x72,0x72,0x72,0x72,0x72,0x72,0x72,0x72,0x50,0x50,0x50,
    0x50,0x03,0x03,0x9d,0x9d,0x9d,0x72,0x72,0x72,0x72,0x72,0x72,0x72,0x72,0x72,0x72,0x72,0x72,0x72,0x72,0x72,0x72,0x72,0x72,0x72,0x72,0x72,0x72,0x72,0x72,0x72,0x72,
    0x72,0x72,0x72,0x72,0x72,0x72,0x72,0x72,0x72,0x72,0x72,0x72,0x72,0x72,0x72,0x72,0x72,0x72,0x72,0x72,0x72,0x72,0x72,0x72,0x72,0x72,0x72,0x72,0x72,0x72,0x72,0x72,
    0x72,0x72,0x72,0x72,0x72,0x72,0x72,0x72,0x72,0x72,0x72,0x72,0x72,0x72,0x72,0x72,0x72,0x72,0x72,0x72,0x72,0x72,0x72,0x72,0x72,0x72,0x72,0x72,0x72,0x72,0x72,0x72,
    0x72,0x72,0x72,0x72,0x72,0x72,0x72,0x72,0x72,0x72,0x72,0x72,0x72,0x72,0x72,0x72,0x72,0x72,0x72,0x72,0x72,0x72,0x72,0x72,0x72,0x72,0x72,0x72,0x72,0x72,0x72,0x72,
    0x72,0x72,0x72,0x72,0x72,0x72,0x72,0x72,0x72,0x72,0x72,0x72,0x72,0x72,0x72,0x72,0x72,0x72,0x72,0x72,0x72,0x72,0x72,0x72,0x72,0x72,0x72,0x72,0x72,0x50,0x50,0x50,
    0x50,0x03,0x03,0x9d,0x9d,0x9d,0x72,0x72,0x72,0x72,0x72,0x72,0x72,0x72,0x72,0x72,0x72,0x72,0x72,0x72,0x72,0x72,0x72,0x72,0x72,0x72,0x72,0x72,0x72,0x72,0x72,0x72,
    0x72,0x72,0x72,0x72,0x72,0x72,0x72,0x72,0x72,0x72,0x72,0x72,0x72,0x72,0x72,0x72,0x72,0x72,0x72,0x72,0x72,0x72,0x72,0x72,0x72,0x72,0x72,0x72,0x72,0x72,0x72,0x72,
    0x72,0x72,0x72,0x72,0x72,0x72,0x72,0x72,0x72,0x72,0x72,0x72,0x72,0x72,0x72,0x72,0x72,0x72,0x72,0x72,0x72,0x72,0x72,0x72,0x72,0x72,0x72,0x72,0x72,0x72,0x72,0x72,
    0x72,0x72,0x72,0x72,0x72,0x72,0x72,0x72,0x72,0x72,0x72,0x72,0x72,0x72,0x72,0x72,0x72,0x72,0x72,0x72,0x72,0x72,0x72,0x72,0x72,0x72,0x72,0x72,0x72,0x72,0x72,0x72,
    0x72,0x72,0x72,0x72,0x72,0x72,0x72,0x72,0x72,0x72,0x72,0x72,0x72,0x72,0x72,0x72,0x72,0x72,0x72,0x72,0x72,0x72,0x72,0x72,0x72,0x72,0x72,0x72,0x72,0x50,0x50,0x50,
    0x50,0x03,0x03,0x9d,0x9d,0x9d,0x72,0x72,0x72,0x72,0x72,0x72,0x72,0x72,0x72,0x72,0x72,0x72,0x72,0x72,0x72,0x72,0x72,0x72,0x72,0x72,0x72,0x72,0x72,0x72,0x72,0x72,
    0x72,0x72,0x72,0x72,0x72,0x72,0x72,0x72,0x72,0x72,0x72,0x72,0x72,0x72,0x72,0x72,0x72,0x72,0x72,0x72,0x72,0x72,0x72,0x72,0x72,0x72,0x72,0x72,0x72,0x72,0x72,0x72,
    0x72,0x72,0x72,0x72,0x72,0x72,0x72,0x72,0x72,0x72,0x72,0x72,0x72,0x72,0x72,0x72,0x72,0x72,0x72,0x72,0x72,0x72,0x72,0x72,0x72,0x72,0x72,0x72,0x72,0x72,0x72,0x72,
    0x72,0x72,0x72,0x72,0x72,0x72,0x72,0x72,0x72,0x72,0x72,0x72,0x72,0x72,0x72,0x72,0x72,0x72,0x72,0x72,0x72,0x72,0x72,0x72,0x72,0x72,0x72,0x72,0x72,0x72,0x72,0x72,
    0x72,0x72,0x72,0x72,0x72,0x72,0x72,0x72,0x72,0x72,0x72,0x72,0x72,0x72,0x72,0x72,0x72,0x72,0x72,0x72,0x72,0x72,0x72,0x72,0x72,0x72,0x72,0x72,0x72,0x50,0x50,0x50,
    0x50,0x03,0x03,0x9d,0x9d,0x9d,0x72,0x72,0x72,0x72,0x72,0x72,0x72,0x72,0x72,0x72,0x72,0x72,0x72,0x72,0x72,0x72,0x72,0x72,0x72,0x72,0x72,0x72,0x72,0x72,0x72,0x72,
    0x72,0x72,0x72,0x72,0x72,0x72,0x72,0x72,0x72,0x72,0x72,0x72,0x72,0x72,0x72,0x72,0x72,0x72,0x72,0x72,0x72,0x72,0x72,0x72,0x72,0x72,0x72,0x72,0x72,0x72,0x72,0x72,
    0x72,0x72,0x72,0x72,0x72,0x72,0x72,0x72,0x72,0x72,0x72,0x72,0x72,0x72,0x72,0x72,0x72,0x72,0x72,0x72,0x72,0x72,0x72,0x72,0x72,0x72,0x72,0x72,0x72,0x72,0x72,0x72,
    0x72,0x72,0x72,0x72,0x72,0x72,0x72,0x72,0x72,0x72,0x72,0x72,0x72,0x72,0x72,0x72,0x72,0x72,0x72,0x72,0x72,0x72,0x72,0x72,0x72,0x72,0x72,0x72,0x72,0x72,0x72,0x72,
    0x72,0x72,0x72,0x72,0x72,0x72,0x72,0x72,0x72,0x72,0x72,0x72,0x72,0x72,0x72,0x72,0x72,0x72,0x72,0x72,0x72,0x72,0x72,0x72,0x72,0x72,0x72,0x72,0x72,0x50,0x50,0x50,
    0x50,0x03,0x03,0x9d,0x9d,0x9d,0x72,0x72,0x72,0x72,0x72,0x72,0x72,0x72,0x72,0x72,0x72,0x72,0x72,0x72,0x72,0x72,0x72,0x72,0x72,0x72,0x72,0x72,0x72,0x72,0x72,0x72,
    0x72,0x72,0x72,0x72,0x72,0x72,0x72,0x72,0x72,0x72,0x72,0x72,0x72,0x72,0x72,0x72,0x72,0x72,0x72,0x72,0x72,0x72,0x6b,0x49,0x2a,0x1c,0x0b,0x0f,0x0f,0x0f,0x0f,0x0f,
    0x0f,0x0f,0x0f,0x0f,0x0f,0x0f,0x0f,0x0f,0x0f,0x0f,0x0f,0x0f,0x0f,0x0f,0x0f,0x0f,0x0f,0x0f,0x0f,0x0f,0x0f,0x0f,0x0f,0x0f,0x0f,0x0f,0x0f,0x0f,0x0f,0x0f,0x0f,0x0f,
    0x0f,0x0f,0x0f,0x0f,0x0f,0x0f,0x0f,0x0f,0x0f,0x0f,0x0f,0x0f,0x0b,0x1c,0x2a,0x49,0x6b,0x72,0x72,0x72,0x72,0x72,0x72,0x72,0x72,0x72,0x72,0x72,0x72,0x72,0x72,0x72,
    0x72,0x72,0x72,0x72,0x72,0x72,0x72,0x72,0x72,0x72,0x72,0x72,0x72,0x72,0x72,0x72,0x72,0x72,0x72,0x72,0x72,0x72,0x72,0x72,0x72,0x72,0x72,0x72,0x72,0x50,0x50,0x50,
    0x50,0x03,0x03,0x9d,0x9d,0x9d,0x72,0x72,0x72,0x72,0x72,0x72,0x72,0x72,0x72,0x72,0x72,0x72,0x72,0x72,0x72,0x72,0x72,0x72,0x72,0x72,0x72,0x72,0x72,0x72,0x72,0x72,
    0x72,0x72,0x72,0x72,0x72,0x72,0x72,0x72,0x72,0x72,0x72,0x72,0x72,0x72,0x72,0x72,0x72,0x72,0x72,0x72,0x72,0x44,0x17,0x0f,0x0f,0x0f,0x0f,0x0f,0x0f,0x0f,0x0f,0x0f,
    0x0f,0x0f,0x0f,0x0f,0x0f,0x0f,0x0f,0x0f,0x0f,0x0f,0x0f,0x0f,0x0f,0x0f,0x0f,0x0f,0x0f,0x0f,0x0f,0x0f,0x0f,0x0f,0x0f,0x0f,0x0f,0x0f,0x0f,0x0f,0x0f,0x0f,0x0f,0x0f,
    0x0f,0x0f,0x0f,0x0f,0x0f,0x0f,0x0f,0x0f,0x0f,0x0f,0x0f,0x0f,0x0f,0x0f,0x0f,0x0f,0x0b,0x29,0x6b,0x72,0x72,0x72,0x72,0x72,0x72,0x72,0x72,0x72,0x72,0x72,0x72,0x72,
    0x72,0x72,0x72,0x72,0x72,0x72,0x72,0x72,0x72,0x72,0x72,0x72,0x72,0x72,0x72,0x72,0x72,0x72,0x72,0x72,0x72,0x72,0x72,0x72,0x72,0x72,0x72,0x72,0x72,0x50,0x50,0x50,
    0x50,0x03,0x03,0x9d,0x9d,0x9d,0x72,0x72,0x72,0x72,0x72,0x72,0x72,0x72,0x72,0x72,0x72,0x72,0x72,0x72,0x72,0x72,0x72,0x72,0x72,0x72,0x72,0x72,0x72,0x72,0x72,0x72,
    0x72,0x72,0x72,0x72,0x72,0x72,0x72,0x72,0x72,0x72,0x72,0x72,0x72,0x72,0x72,0x72,0x72,0x72,0x72,0x5f,0x1f,0x0f,0x0f,0x0f,0x0f,0x0f,0x0f,0x0f,0x0f,0x0f,0x0f,0x0f,
    0x0f,0x0f,0x0f,0x0f,0x0f,0x0f,0x0f,0x0f,0x0f,0x0f,0x0f,0x0f,0x0f,0x0f,0x0f,0x0f,0x0f,0x0f,0x0f,0x0f,0x0f,0x0f,0x0f,0x0f,0x0f,0x0f,0x0f,0x0f,0x0f,0x0f,0x0f,0x0f,
    0x0f,0x0f,0x0f,0x0f,0x0f,0x0f,0x0f,0x0f,0x0f,0x0f,0x0f,0x0f,0x0f,0x0f,0x0f,0x0f,0x0f,0x0f,0x0b,0x35,0x72,0x72,0x72,0x72,0x72,0x72,0x72,0x72,0x72,0x72,0x72,0x72,
    0x72,0x72,0x72,0x72,0x72,0x72,0x72,0x72,0x72,0x72,0x72,0x72,0x72,0x72,0x72,0x72,0x72,0x72,0x72,0x72,0x72,0x72,0x72,0x72,0x72,0x72,0x72,0x72,0x72,0x50,0x50,0x50,
    0x50,0x03,0x03,0x9d,0x9d,0x9d,0x72,0x72,0x72,0x72,0x72,0x72,0x72,0x72,0x72,0x72,0x72,0x72,0x72,0x72,0x72,0x72,0x72,0x72,0x72,0x72,0x72,0x72,0x72,0x72,0x72,0x72,
    0x72,0x72,0x72,0x72,0x72,0x72,0x72,0x72,0x72,0x72,0x72,0x72,0x72,0x72,0x72,0x72,0x72,0x72,0x5f,0x1c,0x0f,0x0f,0x0f,0x0f,0x0f,0x0f,0x0f,0x0f,0x0f,0x0f,0x0f,0x0f,
    0x0f,0x0f,0x0f,0x0f,0x0f,0x0f,0x0f,0x0f,0x0f,0x0f,0x0f,0x0f,0x0f,0x0f,0x0f,0x0f,0x0f,0x0f,0x0f,0x0f,0x0f,0x0f,0x0f,0x0f,0x0f,0x0f,0x0f,0x0f,0x0f,0x0f,0x0f,0x0f,
    0x0f,0x0f,0x0f,0x0f,0x0f,0x0f,0x0f,0x0f,0x0f,0x0f,0x0f,0x0f,0x0f,0x0f,0x0f,0x0f,0x0f,0x0f,0x0f,0x0b,0x12,0x6b,0x72,0x72,0x72,0x72,0x72,0x72,0x72,0x72,0x72,0x72,
    0x72,0x72,0x72,0x72,0x72,0x72,0x72,0x72,0x72,0x72,0x72,0x72,0x72,0x72,0x72,0x72,0x72,0x72,0x72,0x72,0x72,0x72,0x72,0x72,0x72,0x72,0x72,0x72,0x72,0x50,0x50,0x50,
    0x50,0x03,0x03,0x9d,0x9d,0x9d,0x72,0x72,0x72,0x72,0x72,0x72,0x72,0x72,0x72,0x72,0x72,0x72,0x72,0x72,0x72,0x72,0x72,0x72,0x72,0x72,0x72,0x72,0x72,0x72,0x72,0x72,
    0x72,0x72,0x72,0x72,0x72,0x72,0x72,0x72,0x72,0x72,0x72,0x72,0x72,0x72,0x72,0x72,0x72,0x72,0x1f,0x0f,0x0f,0x0f,0x0f,0x0f,0x0f,0x0f,0x0f,0x0f,0x0f,0x0f,0x0f,0x0f,
    0x0f,0x0f,0x0f,0x0f,0x0f,0x0f,0x0f,0x0f,0x0f,0x0f,0x0f,0x0f,0x0f,0x0f,0x0f,0x0f,0x0f,0x0f,0x0f,0x0f,0x0f,0x0f,0x0f,0x0f,0x0f,0x0f,0x0f,0x0f,0x0f,0x0f,0x0f,0x0f,
    0x0f,0x0f,0x0f,0x0f,0x0f,0x0f,0x0f,0x0f,0x0f,0x0f,0x0f,0x0f,0x0f,0x0f,0x0f,0x0f,0x0f,0x0f,0x0f,0x0f,0x0b,0x12,0x6b,0x72,0x72,0x72,0x72,0x72,0x72,0x72,0x72,0x72,
    0x72,0x72,0x72,0x72,0x72,0x72,0x72,0x72,0x72,0x72,0x72,0x72,0x72,0x72,0x72,0x72,0x72,0x72,0x72,0x72,0x72,0x72,0x72,0x72,0x72,0x72,0x72,0x72,0x72,0x50,0x50,0x50,
    0x50,0x03,0x03,0x9d,0x9d,0x9d,0x72,0x72,0x72,0x72,0x72,0x72,0x72,0x72,0x72,0x72,0x72,0x72,0x72,0x72,0x72,0x72,0x72,0x72,0x72,0x72,0x72,0x72,0x72,0x72,0x72,0x72,
    0x72,0x72,0x72,0x72,0x72,0x72,0x72,0x72,0x72,0x72,0x72,0x72,0x72,0x72,0x72,0x72,0x72,0x44,0x0f,0x0f,0x0f,0x0f,0x0f,0x0f,0x0f,0x0f,0x0f,0x0f,0x0f,0x0f,0x0f,0x0f,
    0x0f,0x0f,0x0f,0x0f,0x0f,0x0f,0x0f,0x0f,0x0f,0x0f,0x0f,0x0f,0x0f,0x0f,0x0f,0x0f,0x0f,0x0f,0x0f,0x0f,0x0f,0x0f,0x0f,0x0f,0x0f,0x0f,0x0f,0x0f,0x0f,0x0f,0x0f,0x0f,
    0x0f,0x0f,0x0f,0x0f,0x0f,0x0f,0x0f,0x0f,0x0f,0x0f,0x0f,0x0f,0x0f,0x0f,0x0f,0x0f,0x0f,0x0f,0x0f,0x0f,0x0f,0x0a,0x1a,0x72,0x72,0x72,0x72,0x72,0x72,0x72,0x72,0x72,
    0x72,0x72,0x72,0x72,0x72,0x72,0x72,0x72,0x72,0x72,0x72,0x72,0x72,0x72,0x72,0x72,0x72,0x72,0x72,0x72,0x72,0x72,0x72,0x72,0x72,0x72,0x72,0x72,0x72,0x50,0x50,0x50,
    0x50,0x03,0x03,0x9d,0x9d,0x9d,0x72,0x72,0x72,0x72,0x72,0x72,0x72,0x72,0x72,0x72,0x72,0x72,0x72,0x72,0x72,0x72,0x72,0x72,0x72,0x72,0x72,0x72,0x72,0x72,0x72,0x72,
    0x72,0x72,0x72,0x72,0x72,0x72,0x72,0x72,0x72,0x72,0x72,0x72,0x72,0x72,0x72,0x72,0x6b,0x0b,0x0f,0x0f,0x0f,0x0f,0x0f,0x0f,0x0f,0x0f,0x0f,0x0f,0x0f,0x0f,0x0f,0x0f,
    0x0f,0x0f,0x0f,0x0f,0x0f,0x0f,0x0f,0x0f,0x0f,0x0f,0x0f,0x0f,0x0f,0x0f,0x0f,0x0f,0x0f,0x0f,0x0f,0x0f,0x0f,0x0f,0x0f,0x0f,0x0f,0x0f,0x0f,0x0f,0x0f,0x0f,0x0f,0x0f,
    0x0f,0x0f,0x0f,0x0f,0x0f,0x0f,0x0f,0x0f,0x0f,0x0f,0x0f,0x0f,0x0f,0x0f,0x0f,0x0f,0x0f,0x0f,0x0f,0x0f,0x0f,0x0b,0x09,0x43,0x72,0x72,0x72,0x72,0x72,0x72,0x72,0x72,
    0x72,0x72,0x72,0x72,0x72,0x72,0x72,0x72,0x72,0x72,0x72,0x72,0x72,0x72,0x72,0x72,0x72,0x72,0x72,0x72,0x72,0x72,0x72,0x72,0x72,0x72,0x72,0x72,0x72,0x50,0x50,0x50,
    0x50,0x03,0x03,0x9d,0x9d,0x9d,0x72,0x72,0x72,0x72,0x72,0x72,0x72,0x72,0x72,0x72,0x72,0x72,0x72,0x72,0x72,0x72,0x72,0x72,0x72,0x72,0x72,0x72,0x72,0x72,0x72,0x72,
    0x72,0x72,0x72,0x72,0x72,0x72,0x72,0x72,0x72,0x72,0x72,0x72,0x72,0x72,0x72,0x72,0x49,0x0f,0x0f,0x0f,0x0f,0x0f,0x0f,0x0f,0x0f,0x0f,0x0f,0x0f,0x0f,0x0f,0x0f,0x0f,
    0x0f,0x0f,0x0f,0x0f,0x0f,0x0f,0x0f,0x0f,0x0f,0x0f,0x0f,0x0f,0x0f,0x0f,0x0f,0x0f,0x0f,0x0f,0x0f,0x0f,0x0f,0x0f,0x0f,0x0f,0x0f,0x0f,0x0f,0x0f,0x0f,0x0f,0x0f,0x0f,
    0x0f,0x0f,0x0f,0x0f,0x0f,0x0f,0x0f,0x0f,0x0f,0x0f,0x0f,0x0f,0x0f,0x0f,0x0f,0x0f,0x0f,0x0f,0x0f,0x0f,0x0f,0x0f,0x0a,0x12,0x6b,0x72,0x72,0x72,0x72,0x72,0x72,0x72,
    0x72,0x72,0x72,0x72,0x72,0x72,0x72,0x72,0x72,0x72,0x72,0x72,0x72,0x72,0x72,0x72,0x72,0x72,0x72,0x72,0x72,0x72,0x72,0x72,0x72,0x72,0x72,0x72,0x72,0x50,0x50,0x50,
    0x50,0x03,0x03,0x9d,0x9d,0x9d,0x72,0x72,0x72,0x72,0x72,0x72,0x72,0x72,0x72,0x72,0x72,0x72,0x72,0x72,0x72,0x72,0x72,0x72,0x72,0x72,0x72,0x72,0x72,0x72,0x72,0x72,
    0x72,0x72,0x72,0x72,0x72,0x72,0x72,0x72,0x72,0x72,0x72,0x72,0x72,0x72,0x72,0x72,0x2a,0x0f,0x0f,0x0f,0x0f,0x0f,0x0f,0x0f,0x0f,0x0f,0x0f,0x0f,0x0f,0x0f,0x0f,0x0f,
    0x0f,0x0f,0x0f,0x0f,0x0f,0x0f,0x0f,0x0f,0x0f,0x0f,0x0f,0x0f,0x0f,0x0f,0x0f,0x0f,0x0f,0x0f,0x0f,0x0f,0x0f,0x0f,0x0f,0x0f,0x0f,0x0f,0x0f,0x0f,0x0f,0x0f,0x0f,0x0f,
    0x0f,0x0f,0x0f,0x0f,0x0f,0x0f,0x0f,0x0f,0x0f,0x0f,0x0f,0x0f,0x0f,0x0f,0x0f,0x0f,0x0f,0x0f,0x0f,0x0f,0x0f,0x0f,0x0b,0x09,0x43,0x72,0x72,0x72,0x72,0x72,0x72,0x72,
    0x72,0x72,0x72,0x72,0x72,0x72,0x72,0x72,0x72,0x72,0x72,0x72,0x72,0x72,0x72,0x72,0x72,0x72,0x72,0x72,0x72,0x72,0x72,0x72,0x72,0x72,0x72,0x72,0x72,0x50,0x50,0x50,
    0x50,0x03,0x03,0x9d,0x9d,0x9d,0x72,0x72,0x72,0x72,0x72,0x72,0x72,0x72,0x72,0x72,0x72,0x72,0x72,0x72,0x72,0x72,0x72,0x72,0x72,0x72,0x72,0x72,0x72,0x72,0x72,0x72,
    0x72,0x72,0x72,0x72,0x72,0x72,0x72,0x72,0x72,0x72,0x72,0x72,0x72,0x72,0x72,0x72,0x1c,0x0f,0x0f,0x0f,0x0f,0x0f,0x0f,0x0f,0x0f,0x0f,0x0f,0x0f,0x0f,0x0f,0x0f,0x0f,
    0x0f,0x0f,0x0f,0x0f,0x0f,0x0f,0x0f,0x0f,0x0f,0x0f,0x0f,0x0f,0x0f,0x0f,0x0f,0x0f,0x0f,0x0f,0x0f,0x0f,0x0f,0x0f,0x0f,0x0f,0x0f,0x0f,0x0f,0x0f,0x0f,0x0f,0x0f,0x0f,
    0x0f,0x0f,0x0f,0x0f,0x0f,0x0f,0x0f,0x0f,0x0f,0x0f,0x0f,0x0f,0x0f,0x0f,0x0f,0x0f,0x0f,0x0f,0x0f,0x0f,0x0f,0x0f,0x0b,0x09,0x27,0x72,0x72,0x72,0x72,0x72,0x72,0x72,
    0x72,0x72,0x72,0x72,0x72,0x72,0x72,0x72,0x72,0x72,0x72,0x72,0x72,0x72,0x72,0x72,0x72,0x72,0x72,0x72,0x72,0x72,0x72,0x72,0x72,0x72,0x72,0x72,0x72,0x50,0x50,0x50,
    0x50,0x03,0x03,0x9d,0x9d,0x9d,0x72,0x72,0x72,0x72,0x72,0x72,0x72,0x72,0x72,0x72,0x72,0x72,0x72,0x72,0x72,0x72,0x72,0x72,0x72,0x72,0x72,0x72,0x72,0x72,0x72,0x72,
    0x72,0x72,0x72,0x72,0x72,0x72,0x72,0x72,0x72,0x72,0x72,0x72,0x72,0x72,0x72,0x72,0x0b,0x0f,0x0f,0x0f,0x0f,0x0f,0x0f,0x0f,0x0f,0x0f,0x0f,0x0f,0x0f,0x0f,0x0f,0x0f,
    0x0f,0x0f,0x0f,0x0f,0x0f,0x0f,0x0f,0x0f,0x0f,0x0f,0x0f,0x0f,0x0f,0x0f,0x0f,0x0f,0x0f,0x0f,0x0f,0x0f,0x0f,0x0f,0x0f,0x0f,0x0f,0x0f,0x0f,0x0f,0x0f,0x0f,0x0f,0x0f,
    0x0f,0x0f,0x0f,0x0f,0x0f,0x0f,0x0f,0x0f,0x0f,0x0f,0x0f,0x0f,0x0f,0x0f,0x0f,0x0f,0x0f,0x0f,0x0f,0x0f,0x0f,0x0f,0x0f,0x09,0x12,0x72,0x72,0x72,0x72,0x72,0x72,0x72,
    0x72,0x72,0x72,0x72,0x72,0x72,0x72,0x72,0x72,0x72,0x72,0x72,0x72,0x72,0x72,0x72,0x72,0x72,0x72,0x72,0x72,0x72,0x72,0x72,0x72,0x72,0x72,0x72,0x72,0x50,0x50,0x50,
    0x50,0x03,0x03,0x9d,0x9d,0x9d,0x72,0x72,0x72,0x72,0x72,0x72,0x72,0x72,0x72,0x72,0x72,0x72,0x72,0x72,0x72,0x72,0x72,0x72,0x72,0x72,0x72,0x72,0x72,0x72,0x72,0x72,
    0x72,0x72,0x72,0x72,0x72,0x72,0x72,0x72,0x72,0x72,0x72,0x72,0x72,0x72,0x72,0x72,0x0f,0x0f,0x0f,0x0f,0x0f,0x0f,0x0f,0x0f,0x0f,0x0f,0x0f,0x0f,0x0f,0x0f,0x0f,0x0f,
    0x0f,0x0f,0x0f,0x0f,0x0f,0x0f,0x0f,0x0f,0x0f,0x0f,0x0f,0x0f,0x0f,0x0f,0x0f,0x0f,0x0f,0x0f,0x0f,0x0f,0x0f,0x0f,0x0f,0x0f,0x0f,0x0f,0x0f,0x0f,0x0f,0x0f,0x0f,0x0f,
    0x0f,0x0f,0x0f,0x0f,0x0f,0x0f,0x0f,0x0f,0x0f,0x0f,0x0f,0x0f,0x0f,0x0f,0x0f,0x0f,0x0f,0x0f,0x0f,0x0f,0x0f,0x0f,0x0f,0x09,0x09,0x72,0x72,0x72,0x72,0x72,0x72,0x72,
    0x72,0x72,0x72,0x72,0x72,0x72,0x72,0x72,0x72,0x72,0x72,0x72,0x72,0x72,0x72,0x72,0x72,0x72,0x72,0x72,0x72,0x72,0x72,0x72,0x72,0x72,0x72,0x72,0x72,0x50,0x50,0x50,
    0x50,0x03,0x03,0x9d,0x9d,0x9d,0x72,0x72,0x72,0x72,0x72,0x72,0x72,0x72,0x72,0x72,0x72,0x72,0x72,0x72,0x72,0x72,0x72,0x72,0x72,0x72,0x72,0x72,0x72,0x72,0x72,0x72,
    0x72,0x72,0x72,0x72,0x72,0x72,0x72,0x72,0x72,0x72,0x72,0x72,0x72,0x72,0x72,0x72,0x0f,0x0f,0x0f,0x0f,0x0f,0x0f,0x0f,0x0f,0x0f,0x0f,0x0f,0x0f,0x0f,0x0f,0x0f,0x0f,
    0x0f,0x0f,0x0f,0x0f,0x0f,0x0f,0x0f,0x0f,0x0f,0x0f,0x0f,0x0f,0x0f,0x0f,0x0f,0x0f,0x0f,0x0f,0x0f,0x0f,0x0f,0x0f,0x0f,0x0f,0x0f,0x0f,0x0f,0x0f,0x0f,0x0f,0x0f,0x0f,
    0x0f,0x0f,0x0f,0x0f,0x0f,0x0f,0x0f,0x0f,0x0f,0x0f,0x0f,0x0f,0x0f,0x0f,0x0f,0x0f,0x0f,0x0f,0x0f,0x0f,0x0f,0x0f,0x0f,0x09,0x09,0x72,0x72,0x72,0x72,0x72,0x72,0x72,
    0x72,0x72,0x72,0x72,0x72,0x72,0x72,0x72,0x72,0x72,0x72,0x72,0x72,0x72,0x72,0x72,0x72,0x72,0x72,0x72,0x72,0x72,0x72,0x72,0x72,0x72,0x72,0x72,0x72,0x50,0x50,0x50,
    0x50,0x03,0x03,0x9d,0x9d,0x9d,0x72,0x72,0x72,0x72,0x72,0x72,0x72,0x72,0x72,0x72,0x72,0x72,0x72,0x72,0x72,0x72,0x72,0x72,0x72,0x72,0x72,0x72,0x72,0x72,0x72,0x72,
    0x72,0x72,0x72,0x72,0x72,0x72,0x72,0x72,0x72,0x72,0x72,0x72,0x72,0x72,0x72,0x72,0x0f,0x0f,0x0f,0x0f,0x0f,0x0f,0x0f,0x0f,0x0f,0x0f,0x0f,0x0f,0x0f,0x0f,0x0f,0x0f,
    0x0f,0x0f,0x0f,0x0f,0x0f,0x0f,0x0f,0x0f,0x0f,0x0f,0x0f,0x0f,0x0f,0x0f,0x0f,0x0f,0x0f,0x0f,0x0f,0x0f,0x0f,0x0f,0x0f,0x0f,0x0f,0x0f,0x0f,0x0f,0x0f,0x0f,0x0f,0x0f,
    0x0f,0x0f,0x0f,0x0f,0x0f,0x0f,0x0f,0x0f,0x0f,0x0f,0x0f,0x0f,0x0f,0x0f,0x0f,0x0f,0x0f,0x0f,0x0f,0x0f,0x0f,0x0f,0x0f,0x09,0x09,0x72,0x72,0x72,0x72,0x72,0x72,0x72,
    0x72,0x72,0x72,0x72,0x72,0x72,0x72,0x72,0x72,0x72,0x72,0x72,0x72,0x72,0x72,0x72,0x72,0x72,0x72,0x72,0x72,0x72,0x72,0x72,0x72,0x72,0x72,0x72,0x72,0x50,0x50,0x50,
    0x50,0x03,0x03,0x9d,0x9d,0x9d,0x72,0x72,0x72,0x72,0x72,0x72,0x72,0x72,0x72,0x72,0x72,0x72,0x72,0x72,0x72,0x72,0x72,0x72,0x72,0x72,0x72,0x72,0x72,0x72,0x72,0x72,
    0x72,0x72,0x72,0x72,0x72,0x72,0x72,0x72,0x72,0x72,0x72,0x72,0x72,0x72,0x72,0x72,0x0f,0x0f,0x0f,0x0f,0x0f,0x0f,0x0f,0x0f,0x0f,0x0f,0x0f,0x0f,0x0f,0x0f,0x0f,0x0f,
    0x0f,0x0f,0x0f,0x0f,0x0f,0x0f,0x0f,0x0f,0x0f,0x0f,0x0f,0x0f,0x0f,0x0f,0x0f,0x0f,0x0f,0x0f,0x0f,0x0f,0x0f,0x0f,0x0f,0x0f,0x0f,0x0f,0x0f,0x0f,0x0f,0x0f,0x0f,0x0f,
    0x0f,0x0f,0x0f,0x0f,0x0f,0x0f,0x0f,0x0f,0x0f,0x0f,0x0f,0x0f,0x0f,0x0f,0x0f,0x0f,0x0f,0x0f,0x0f,0x0f,0x0f,0x0f,0x0f,0x09,0x09,0x72,0x72,0x72,0x72,0x72,0x72,0x72,
    0x72,0x72,0x72,0x72,0x72,0x72,0x72,0x72,0x72,0x72,0x72,0x72,0x72,0x72,0x72,0x72,0x72,0x72,0x72,0x72,0x72,0x72,0x72,0x72,0x72,0x72,0x72,0x72,0x72,0x50,0x50,0x50,
    0x50,0x03,0x03,0x9d,0x9d,0x9d,0x72,0x72,0x72,0x72,0x72,0x72,0x72,0x72,0x72,0x72,0x72,0x72,0x72,0x72,0x72,0x72,0x72,0x72,0x72,0x72,0x72,0x72,0x72,0x72,0x72,0x72,
    0x72,0x72,0x72,0x72,0x72,0x72,0x72,0x72,0x72,0x72,0x72,0x72,0x72,0x72,0x72,0x72,0x0f,0x0f,0x0f,0x0f,0x0f,0x0f,0x0f,0x0f,0x0f,0x0f,0x0f,0x0f,0x0f,0x0f,0x0f,0x0f,
    0x0f,0x0f,0x0f,0x0f,0x0f,0x0f,0x0f,0x0f,0x0f,0x0f,0x0f,0x0f,0x0f,0x0f,0x0f,0x0f,0x0f,0x0f,0x0f,0x0f,0x0f,0x0f,0x0f,0x0f,0x0f,0x0f,0x0f,0x0f,0x0f,0x0f,0x0f,0x0f,
    0x0f,0x0f,0x0f,0x0f,0x0f,0x0f,0x0f,0x0f,0x0f,0x0f,0x0f,0x0f,0x0f,0x0f,0x0f,0x0f,0x0f,0x0f,0x0f,0x0f,0x0f,0x0f,0x0f,0x09,0x09,0x72,0x72,0x72,0x72,0x72,0x72,0x72,
    0x72,0x72,0x72,0x72,0x72,0x72,0x72,0x72,0x72,0x72,0x72,0x72,0x72,0x72,0x72,0x72,0x72,0x72,0x72,0x72,0x72,0x72,0x72,0x72,0x72,0x72,0x72,0x72,0x72,0x50,0x50,0x50,
    0x50,0x03,0x03,0x9d,0x9d,0x9d,0x72,0x72,0x72,0x72,0x72,0x72,0x72,0x72,0x72,0x72,0x72,0x72,0x72,0x72,0x72,0x72,0x72,0x72,0x72,0x72,0x72,0x72,0x72,0x72,0x72,0x72,
    0x72,0x72,0x72,0x72,0x72,0x72,0x72,0x72,0x72,0x72,0x72,0x72,0x72,0x72,0x72,0x72,0x0f,0x0f,0x0f,0x0f,0x0f,0x0f,0x0f,0x0f,0x0f,0x0f,0x0f,0x0f,0x0f,0x0f,0x0f,0x0f,
    0x0f,0x0f,0x0f,0x0f,0x0f,0x0f,0x0f,0x0f,0x0f,0x0f,0x0f,0x0f,0x0f,0x0f,0x0f,0x0f,0x0f,0x0f,0x0f,0x0f,0x0f,0x0f,0x0f,0x0f,0x0f,0x0f,0x0f,0x0f,0x0f,0x0f,0x0f,0x0f,
    0x0f,0x0f,0x0f,0x0f,0x0f,0x0f,0x0f,0x0f,0x0f,0x0f,0x0f,0x0f,0x0f,0x0f,0x0f,0x0f,0x0f,0x0f,0x0f,0x0f,0x0f,0x0f,0x0f,0x09,0x09,0x72,0x72,0x72,0x72,0x72,0x72,0x72,
    0x72,0x72,0x72,0x72,0x72,0x72,0x72,0x72,0x72,0x72,0x72,0x72,0x72,0x72,0x72,0x72,0x72,0x72,0x72,0x72,0x72,0x72,0x72,0x72,0x72,0x72,0x72,0x72,0x72,0x50,0x50,0x50,
    0x50,0x03,0x03,0x9d,0x9d,0x9d,0x72,0x72,0x72,0x72,0x72,0x72,0x72,0x72,0x72,0x72,0x72,0x72,0x72,0x72,0x72,0x72,0x72,0x72,0x72,0x72,0x72,0x72,0x72,0x72,0x72,0x72,
    0x72,0x72,0x72,0x72,0x72,0x72,0x72,0x72,0x72,0x72,0x72,0x72,0x72,0x72,0x72,0x72,0x0f,0x0f,0x0f,0x0f,0x0f,0x0f,0x0f,0x0f,0x0f,0x0f,0x0f,0x0f,0x0f,0x0f,0x0f,0x0f,
    0x0f,0x0f,0x0f,0x0f,0x0f,0x0f,0x0f,0x0f,0x0f,0x0f,0x0f,0x0f,0x0f,0x0f,0x0f,0x0f,0x0f,0x0f,0x0f,0x0f,0x0f,0x0f,0x0f,0x0f,0x0f,0x0f,0x0f,0x0f,0x0f,0x0f,0x0f,0x0f,
    0x0f,0x0f,0x0f,0x0f,0x0f,0x0f,0x0f,0x0f,0x0f,0x0f,0x0f,0x0f,0x0f,0x0f,0x0f,0x0f,0x0f,0x0f,0x0f,0x0f,0x0f,0x0f,0x0f,0x09,0x09,0x72,0x72,0x72,0x72,0x72,0x72,0x72,
    0x72,0x72,0x72,0x72,0x72,0x72,0x72,0x72,0x72,0x72,0x72,0x72,0x72,0x72,0x72,0x72,0x72,0x72,0x72,0x72,0x72,0x72,0x72,0x72,0x72,0x72,0x72,0x72,0x72,0x50,0x50,0x50,
    0x50,0x03,0x03,0x9d,0x9d,0x9d,0x72,0x72,0x72,0x72,0x72,0x72,0x72,0x72,0x72,0x72,0x72,0x72,0x72,0x72,0x72,0x72,0x72,0x72,0x72,0x72,0x72,0x72,0x72,0x72,0x72,0x72,
    0x72,0x72,0x72,0x72,0x72,0x72,0x72,0x72,0x72,0x72,0x72,0x72,0x72,0x72,0x72,0x72,0x0f,0x0f,0x0f,0x0f,0x0f,0x0f,0x0f,0x0f,0x0f,0x0f,0x0f,0x0f,0x0f,0x0f,0x0f,0x0f,
    0x0f,0x0f,0x0f,0x0f,0x0f,0x0f,0x0f,0x0f,0x0f,0x0f,0x0f,0x0f,0x0f,0x0f,0x0f,0x0f,0x0f,0x0f,0x0f,0x0f,0x0f,0x0f,0x0f,0x0f,0x0f,0x0f,0x0f,0x0f,0x0f,0x0f,0x0f,0x0f,
    0x0f,0x0f,0x0f,0x0f,0x0f,0x0f,0x0f,0x0f,0x0f,0x0f,0x0f,0x0f,0x0f,0x0f,0x0f,0x0f,0x0f,0x0f,0x0f,0x0f,0x0f,0x0f,0x0f,0x09,0x09,0x72,0x72,0x72,0x72,0x72,0x72,0x72,
    0x72,0x72,0x72,0x72,0x72,0x72,0x72,0x72,0x72,0x72,0x72,0x72,0x72,0x72,0x72,0x72,0x72,0x72,0x72,0x72,0x72,0x72,0x72,0x72,0x72,0x72,0x72,0x72,0x72,0x50,0x50,0x50,
    0x50,0x03,0x03,0x9d,0x9d,0x9d,0x72,0x72,0x72,0x72,0x72,0x72,0x72,0x72,0x72,0x72,0x72,0x72,0x72,0x72,0x72,0x72,0x72,0x72,0x72,0x72,0x72,0x72,0x72,0x72,0x72,0x72,
    0x72,0x72,0x72,0x72,0x72,0x72,0x72,0x72,0x72,0x72,0x72,0x72,0x72,0x72,0x72,0x72,0x0f,0x0f,0x0f,0x0f,0x0f,0x0f,0x0f,0x0f,0x0f,0x0f,0x0f,0x0f,0x0f,0x0f,0x0f,0x0f,
    0x0f,0x0f,0x0f,0x0f,0x0f,0x0f,0x0f,0x0f,0x0f,0x0f,0x0f,0x0f,0x0f,0x0f,0x0f,0x0f,0x0f,0x0f,0x0f,0x0f,0x0f,0x0f,0x0f,0x0f,0x0f,0x0f,0x0f,0x0f,0x0f,0x0f,0x0f,0x0f,
    0x0f,0x0f,0x0f,0x0f,0x0f,0x0f,0x0f,0x0f,0x0f,0x0f,0x0f,0x0f,0x0f,0x0f,0x0f,0x0f,0x0f,0x0f,0x0f,0x0f,0x0f,0x0f,0x0f,0x09,0x09,0x72,0x72,0x72,0x72,0x72,0x72,0x72,
    0x72,0x72,0x72,0x72,0x72,0x72,0x72,0x72,0x72,0x72,0x72,0x72,0x72,0x72,0x72,0x72,0x72,0x72,0x72,0x72,0x72,0x72,0x72,0x72,0x72,0x72,0x72,0x72,0x72,0x50,0x50,0x50,
    0x50,0x03,0x03,0x9d,0x9d,0x9d,0x72,0x72,0x72,0x72,0x72,0x72,0x72,0x72,0x72,0x72,0x72,0x72,0x72,0x72,0x72,0x72,0x72,0x72,0x72,0x72,0x72,0x72,0x72,0x72,0x72,0x72,
    0x72,0x72,0x72,0x72,0x72,0x72,0x72,0x72,0x72,0x72,0x72,0x72,0x72,0x72,0x72,0x72,0x0f,0x0f,0x0f,0x0f,0x0f,0x0f,0x0f,0x0f,0x0f,0x0f,0x0f,0x0f,0x0f,0x0f,0x0f,0x0f,
    0x0f,0x0f,0x0f,0x0f,0x0f,0x0f,0x0f,0x0f,0x0f,0x0f,0x0f,0x0f,0x0f,0x0f,0x0f,0x0f,0x0f,0x0f,0x0f,0x0f,0x0f,0x0f,0x0f,0x0f,0x0f,0x0f,0x0f,0x0f,0x0f,0x0f,0x0f,0x0f,
    0x0f,0x0f,0x0f,0x0f,0x0f,0x0f,0x0f,0x0f,0x0f,0x0f,0x0f,0x0f,0x0f,0x0f,0x0f,0x0f,0x0f,0x0f,0x0f,0x0f,0x0f,0x0f,0x0f,0x09,0x09,0x72,0x72,0x72,0x72,0x72,0x72,0x72,
    0x72,0x72,0x72,0x72,0x72,0x72,0x72,0x72,0x72,0x72,0x72,0x72,0x72,0x72,0x72,0x72,0x72,0x72,0x72,0x72,0x72,0x72,0x72,0x72,0x72,0x72,0x72,0x72,0x72,0x50,0x50,0x50,
    0x50,0x03,0x03,0x9d,0x9d,0x9d,0x72,0x72,0x72,0x72,0x72,0x72,0x72,0x72,0x72,0x72,0x72,0x72,0x72,0x72,0x72,0x72,0x72,0x72,0x72,0x72,0x72,0x72,0x72,0x72,0x72,0x72,
    0x72,0x72,0x72,0x72,0x72,0x72,0x72,0x72,0x72,0x72,0x72,0x72,0x72,0x72,0x72,0x72,0x0f,0x0f,0x0f,0x0f,0x0f,0x0f,0x0f,0x0f,0x0f,0x0f,0x0f,0x0f,0x0f,0x0f,0x0f,0x0f,
    0x0f,0x0f,0x0f,0x0f,0x0f,0x0f,0x0f,0x0f,0x0f,0x0f,0x0f,0x0f,0x0f,0x0f,0x0f,0x0f,0x0f,0x0f,0x0f,0x0f,0x0f,0x0f,0x0f,0x0f,0x0f,0x0f,0x0f,0x0f,0x0f,0x0f,0x0f,0x0f,
    0x0f,0x0f,0x0f,0x0f,0x0f,0x0f,0x0f,0x0f,0x0f,0x0f,0x0f,0x0f,0x0f,0x0f,0x0f,0x0f,0x0f,0x0f,0x0f,0x0f,0x0f,0x0f,0x0f,0x09,0x09,0x72,0x72,0x72,0x72,0x72,0x72,0x72,
    0x72,0x72,0x72,0x72,0x72,0x72,0x72,0x72,0x72,0x72,0x72,0x72,0x72,0x72,0x72,0x72,0x72,0x72,0x72,0x72,0x72,0x72,0x72,0x72,0x72,0x72,0x72,0x72,0x72,0x50,0x50,0x50,
    0x50,0x03,0x03,0x9d,0x9d,0x9d,0x72,0x72,0x72,0x72,0x72,0x72,0x72,0x72,0x72,0x72,0x72,0x72,0x72,0x72,0x72,0x72,0x72,0x72,0x72,0x72,0x72,0x72,0x72,0x72,0x72,0x72,
    0x72,0x72,0x72,0x72,0x72,0x72,0x72,0x72,0x72,0x72,0x72,0x72,0x72,0x72,0x72,0x72,0x0f,0x0f,0x0f,0x0f,0x0f,0x0f,0x0f,0x0f,0x0f,0x0f,0x0f,0x0f,0x0f,0x0f,0x0f,0x0f,
    0x0f,0x0f,0x0f,0x0f,0x0f,0x0f,0x0f,0x0f,0x0f,0x0f,0x0f,0x0f,0x0f,0x0f,0x0f,0x0f,0x0f,0x0f,0x0f,0x0f,0x0f,0x0f,0x0f,0x0f,0x0f,0x0f,0x0f,0x0f,0x0f,0x0f,0x0f,0x0f,
    0x0f,0x0f,0x0f,0x0f,0x0f,0x0f,0x0f,0x0f,0x0f,0x0f,0x0f,0x0f,0x0f,0x0f,0x0f,0x0f,0x0f,0x0f,0x0f,0x0f,0x0f,0x0f,0x0f,0x09,0x09,0x72,0x72,0x72,0x72,0x72,0x72,0x72,
    0x72,0x72,0x72,0x72,0x72,0x72,0x72,0x72,0x72,0x72,0x72,0x72,0x72,0x72,0x72,0x72,0x72,0x72,0x72,0x72,0x72,0x72,0x72,0x72,0x72,0x72,0x72,0x72,0x72,0x50,0x50,0x50,
    0x50,0x03,0x03,0x9d,0x9d,0x9d,0x72,0x72,0x72,0x72,0x72,0x72,0x72,0x72,0x72,0x72,0x72,0x72,0x72,0x72,0x72,0x72,0x72,0x72,0x72,0x72,0x72,0x72,0x72,0x72,0x72,0x72,
    0x72,0x72,0x72,0x72,0x72,0x72,0x72,0x72,0x72,0x72,0x72,0x72,0x72,0x72,0x72,0x72,0x0f,0x0f,0x0f,0x0f,0x0f,0x0f,0x0f,0x0f,0x0f,0x0f,0x0f,0x0f,0x0f,0x0f,0x0f,0x0f,
    0x0f,0x0f,0x0f,0x0f,0x0f,0x0f,0x0f,0x0f,0x0f,0x0f,0x0f,0x0f,0x0f,0x0f,0x0f,0x0f,0x0f,0x0f,0x0f,0x0f,0x0f,0x0f,0x0f,0x0f,0x0f,0x0f,0x0f,0x0f,0x0f,0x0f,0x0f,0x0f,
    0x0f,0x0f,0x0f,0x0f,0x0f,0x0f,0x0f,0x0f,0x0f,0x0f,0x0f,0x0f,0x0f,0x0f,0x0f,0x0f,0x0f,0x0f,0x0f,0x0f,0x0f,0x0f,0x0f,0x09,0x09,0x72,0x72,0x72,0x72,0x72,0x72,0x72,
    0x72,0x72,0x72,0x72,0x72,0x72,0x72,0x72,0x72,0x72,0x72,0x72,0x72,0x72,0x72,0x72,0x72,0x72,0x72,0x72,0x72,0x72,0x72,0x72,0x72,0x72,0x72,0x72,0x72,0x50,0x50,0x50,
    0x50,0x03,0x03,0x9d,0x9d,0x9d,0x72,0x72,0x72,0x72,0x72,0x72,0x72,0x72,0x72,0x72,0x72,0x72,0x72,0x72,0x72,0x72,0x72,0x72,0x72,0x72,0x72,0x72,0x72,0x72,0x72,0x72,
    0x72,0x72,0x72,0x72,0x72,0x72,0x72,0x72,0x72,0x72,0x72,0x72,0x72,0x72,0x72,0x72,0x0f,0x0f,0x0f,0x0f,0x0f,0x0f,0x0f,0x0f,0x0f,0x0f,0x0f,0x0f,0x0f,0x0f,0x0f,0x0f,
    0x0f,0x0f,0x0f,0x0f,0x0f,0x0f,0x0f,0x0f,0x0f,0x0f,0x0f,0x0f,0x0f,0x0f,0x0f,0x0f,0x0f,0x0f,0x0f,0x0f,0x0f,0x0f,0x0f,0x0f,0x0f,0x0f,0x0f,0x0f,0x0f,0x0f,0x0f,0x0f,
    0x0f,0x0f,0x0f,0x0f,0x0f,0x0f,0x0f,0x0f,0x0f,0x0f,0x0f,0x0f,0x0f,0x0f,0x0f,0x0f,0x0f,0x0f,0x0f,0x0f,0x0f,0x0f,0x0f,0x09,0x09,0x72,0x72,0x72,0x72,0x72,0x72,0x72,
    0x72,0x72,0x72,0x72,0x72,0x72,0x72,0x72,0x72,0x72,0x72,0x72,0x72,0x72,0x72,0x72,0x72,0x72,0x72,0x72,0x72,0x72,0x72,0x72,0x72,0x72,0x72,0x72,0x72,0x50,0x50,0x50,
    0x50,0x03,0x03,0x9d,0x9d,0x9d,0x72,0x72,0x72,0x72,0x72,0x72,0x72,0x72,0x72,0x72,0x72,0x72,0x72,0x72,0x72,0x72,0x72,0x72,0x72,0x72,0x72,0x72,0x72,0x72,0x72,0x72,
    0x72,0x72,0x72,0x72,0x72,0x72,0x72,0x72,0x72,0x72,0x72,0x72,0x72,0x72,0x72,0x72,0x0f,0x0f,0x0f,0x0f,0x0f,0x0f,0x0f,0x0f,0x0f,0x0f,0x0f,0x0f,0x0f,0x0f,0x0f,0x0f,
    0x0f,0x0f,0x0f,0x0f,0x0f,0x0f,0x0f,0x0f,0x0f,0x0f,0x0f,0x0f,0x0f,0x0f,0x0f,0x0f,0x0f,0x0f,0x0f,0x0f,0x0f,0x0f,0x0f,0x0f,0x0f,0x0f,0x0f,0x0f,0x0f,0x0f,0x0f,0x0f,
    0x0f,0x0f,0x0f,0x0f,0x0f,0x0f,0x0f,0x0f,0x0f,0x0f,0x0f,0x0f,0x0f,0x0f,0x0f,0x0f,0x0f,0x0f,0x0f,0x0f,0x0f,0x0f,0x0f,0x09,0x09,0x72,0x72,0x72,0x72,0x72,0x72,0x72,
    0x72,0x72,0x72,0x72,0x72,0x72,0x72,0x72,0x72,0x72,0x72,0x72,0x72,0x72,0x72,0x72,0x72,0x72,0x72,0x72,0x72,0x72,0x72,0x72,0x72,0x72,0x72,0x72,0x72,0x50,0x50,0x50,
    0x50,0x03,0x03,0x9d,0x9d,0x9d,0x72,0x72,0x72,0x72,0x72,0x72,0x72,0x72,0x72,0x72,0x72,0x72,0x72,0x72,0x72,0x72,0x72,0x72,0x72,0x72,0x72,0x72,0x72,0x72,0x72,0x72,
    0x72,0x72,0x72,0x72,0x72,0x72,0x72,0x72,0x72,0x72,0x72,0x72,0x72,0x72,0x72,0x72,0x0f,0x0f,0x0f,0x0f,0x0f,0x0f,0x0f,0x0f,0x0f,0x0f,0x0f,0x0f,0x0f,0x0f,0x0f,0x0f,
    0x0f,0x0f,0x0f,0x0f,0x0f,0x0f,0x0f,0x0f,0x0f,0x0f,0x0f,0x0f,0x0f,0x0f,0x0f,0x0f,0x0f,0x0f,0x0f,0x0f,0x0f,0x0f,0x0f,0x0f,0x0f,0x0f,0x0f,0x0f,0x0f,0x0f,0x0f,0x0f,
    0x0f,0x0f,0x0f,0x0f,0x0f,0x0f,0x0f,0x0f,0x0f,0x0f,0x0f,0x0f,0x0f,0x0f,0x0f,0x0f,0x0f,0x0f,0x0f,0x0f,0x0f,0x0f,0x0f,0x09,0x09,0x72,0x72,0x72,0x72,0x72,0x72,0x72,
    0x72,0x72,0x72,0x72,0x72,0x72,0x72,0x72,0x72,0x72,0x72,0x72,0x72,0x72,0x72,0x72,0x72,0x72,0x72,0x72,0x72,0x72,0x72,0x72,0x72,0x72,0x72,0x72,0x72,0x50,0x50,0x50,
    0x50,0x03,0x03,0x9d,0x9d,0x9d,0x72,0x72,0x72,0x72,0x72,0x72,0x72,0x72,0x72,0x72,0x72,0x72,0x72,0x72,0x72,0x72,0x72,0x72,0x72,0x72,0x72,0x72,0x72,0x72,0x72,0x72,
    0x72,0x72,0x72,0x72,0x72,0x72,0x72,0x72,0x72,0x72,0x72,0x72,0x72,0x72,0x72,0x72,0x0f,0x0f,0x0f,0x0f,0x0f,0x0f,0x0f,0x0f,0x0f,0x0f,0x0f,0x0f,0x0f,0x0f,0x0f,0x0f,
    0x0f,0x0f,0x0f,0x0f,0x0f,0x0f,0x0f,0x0f,0x0f,0x0f,0x0f,0x0f,0x0f,0x0f,0x0f,0x0f,0x0f,0x0f,0x0f,0x0f,0x0f,0x0f,0x0f,0x0f,0x0f,0x0f,0x0f,0x0f,0x0f,0x0f,0x0f,0x0f,
    0x0f,0x0f,0x0f,0x0f,0x0f,0x0f,0x0f,0x0f,0x0f,0x0f,0x0f,0x0f,0x0f,0x0f,0x0f,0x0f,0x0f,0x0f,0x0f,0x0f,0x0f,0x0f,0x0f,0x09,0x09,0x72,0x72,0x72,0x72,0x72,0x72,0x72,
    0x72,0x72,0x72,0x72,0x72,0x72,0x72,0x72,0x72,0x72,0x72,0x72,0x72,0x72,0x72,0x72,0x72,0x72,0x72,0x72,0x72,0x72,0x72,0x72,0x72,0x72,0x72,0x72,0x72,0x50,0x50,0x50,
    0x50,0x03,0x03,0x9d,0x9d,0x9d,0x72,0x72,0x72,0x72,0x72,0x72,0x72,0x72,0x72,0x72,0x72,0x72,0x72,0x72,0x72,0x72,0x72,0x72,0x72,0x72,0x72,0x72,0x72,0x72,0x72,0x72,
    0x72,0x72,0x72,0x72,0x72,0x72,0x72,0x72,0x72,0x72,0x72,0x72,0x72,0x72,0x72,0x72,0x0f,0x0f,0x0f,0x0f,0x0f,0x0f,0x0f,0x0f,0x0f,0x0f,0x0f,0x0f,0x0f,0x0f,0x0f,0x0f,
    0x0f,0x0f,0x0f,0x0f,0x0f,0x0f,0x0f,0x0f,0x0f,0x0f,0x0f,0x0f,0x0f,0x0f,0x0f,0x0f,0x0f,0x0f,0x0f,0x0f,0x0f,0x0f,0x0f,0x0f,0x0f,0x0f,0x0f,0x0f,0x0f,0x0f,0x0f,0x0f,
    0x0f,0x0f,0x0f,0x0f,0x0f,0x0f,0x0f,0x0f,0x0f,0x0f,0x0f,0x0f,0x0f,0x0f,0x0f,0x0f,0x0f,0x0f,0x0f,0x0f,0x0f,0x0f,0x0f,0x09,0x09,0x72,0x72,0x72,0x72,0x72,0x72,0x72,
    0x72,0x72,0x72,0x72,0x72,0x72,0x72,0x72,0x72,0x72,0x72,0x72,0x72,0x72,0x72,0x72,0x72,0x72,0x72,0x72,0x72,0x72,0x72,0x72,0x72,0x72,0x72,0x72,0x72,0x50,0x50,0x50,
    0x50,0x03,0x03,0x9d,0x9d,0x9d,0x72,0x72,0x72,0x72,0x72,0x72,0x72,0x72,0x72,0x72,0x72,0x72,0x72,0x72,0x72,0x72,0x72,0x72,0x72,0x72,0x72,0x72,0x72,0x72,0x72,0x72,
    0x72,0x72,0x72,0x72,0x72,0x72,0x72,0x72,0x72,0x72,0x72,0x72,0x72,0x72,0x72,0x72,0x0f,0x0f,0x0f,0x0f,0x0f,0x0f,0x0f,0x0f,0x0f,0x0f,0x0f,0x0f,0x0f,0x0f,0x0f,0x0f,
    0x0f,0x0f,0x0f,0x0f,0x0f,0x0f,0x0f,0x0f,0x0f,0x0f,0x0f,0x0f,0x0f,0x0f,0x0f,0x0f,0x0f,0x0f,0x0f,0x0f,0x0f,0x0f,0x0f,0x0f,0x0f,0x0f,0x0f,0x0f,0x0f,0x0f,0x0f,0x0f,
    0x0f,0x0f,0x0f,0x0f,0x0f,0x0f,0x0f,0x0f,0x0f,0x0f,0x0f,0x0f,0x0f,0x0f,0x0f,0x0f,0x0f,0x0f,0x0f,0x0f,0x0f,0x0f,0x0f,0x09,0x09,0x72,0x72,0x72,0x72,0x72,0x72,0x72,
    0x72,0x72,0x72,0x72,0x72,0x72,0x72,0x72,0x72,0x72,0x72,0x72,0x72,0x72,0x72,0x72,0x72,0x72,0x72,0x72,0x72,0x72,0x72,0x72,0x72,0x72,0x72,0x72,0x72,0x50,0x50,0x50,
    0x50,0x03,0x03,0x9d,0x9d,0x9d,0x72,0x72,0x72,0x72,0x72,0x72,0x72,0x72,0x72,0x72,0x72,0x72,0x72,0x72,0x72,0x72,0x72,0x72,0x72,0x72,0x72,0x72,0x72,0x72,0x72,0x72,
    0x72,0x72,0x72,0x72,0x72,0x72,0x72,0x72,0x72,0x72,0x72,0x72,0x72,0x72,0x72,0x72,0x0f,0x0f,0x0f,0x0f,0x0f,0x0f,0x0f,0x0f,0x0f,0x0f,0x0f,0x0f,0x0f,0x0f,0x0f,0x0f,
    0x0f,0x0f,0x0f,0x0f,0x0f,0x0f,0x0f,0x0f,0x0f,0x0f,0x0f,0x0f,0x0f,0x0f,0x0f,0x0f,0x0f,0x0f,0x0f,0x0f,0x0f,0x0f,0x0f,0x0f,0x0f,0x0f,0x0f,0x0f,0x0f,0x0f,0x0f,0x0f,
    0x0f,0x0f,0x0f,0x0f,0x0f,0x0f,0x0f,0x0f,0x0f,0x0f,0x0f,0x0f,0x0f,0x0f,0x0f,0x0f,0x0f,0x0f,0x0f,0x0f,0x0f,0x0f,0x0f,0x09,0x09,0x72,0x72,0x72,0x72,0x72,0x72,0x72,
    0x72,0x72,0x72,0x72,0x72,0x72,0x72,0x72,0x72,0x72,0x72,0x72,0x72,0x72,0x72,0x72,0x72,0x72,0x72,0x72,0x72,0x72,0x72,0x72,0x72,0x72,0x72,0x72,0x72,0x50,0x50,0x50,
    0x50,0x03,0x03,0x9d,0x9d,0x9d,0x72,0x72,0x72,0x72,0x72,0x72,0x72,0x72,0x72,0x72,0x72,0x72,0x72,0x72,0x72,0x72,0x72,0x72,0x72,0x72,0x72,0x72,0x72,0x72,0x72,0x72,
    0x72,0x72,0x72,0x72,0x72,0x72,0x72,0x72,0x72,0x72,0x72,0x72,0x72,0x72,0x72,0x72,0x0f,0x0f,0x0f,0x0f,0x0f,0x0f,0x0f,0x0f,0x0f,0x0f,0x0f,0x0f,0x0f,0x0f,0x0f,0x0f,
    0x0f,0x0f,0x0f,0x0f,0x0f,0x0f,0x0f,0x0f,0x0f,0x0f,0x0f,0x0f,0x0f,0x0f,0x0f,0x0f,0x0f,0x0f,0x0f,0x0f,0x0f,0x0f,0x0f,0x0f,0x0f,0x0f,0x0f,0x0f,0x0f,0x0f,0x0f,0x0f,
    0x0f,0x0f,0x0f,0x0f,0x0f,0x0f,0x0f,0x0f,0x0f,0x0f,0x0f,0x0f,0x0f,0x0f,0x0f,0x0f,0x0f,0x0f,0x0f,0x0f,0x0f,0x0f,0x0f,0x09,0x09,0x72,0x72,0x72,0x72,0x72,0x72,0x72,
    0x72,0x72,0x72,0x72,0x72,0x72,0x72,0x72,0x72,0x72,0x72,0x72,0x72,0x72,0x72,0x72,0x72,0x72,0x72,0x72,0x72,0x72,0x72,0x72,0x72,0x72,0x72,0x72,0x72,0x50,0x50,0x50,
    0x50,0x03,0x03,0x9d,0x9d,0x9d,0x72,0x72,0x72,0x72,0x72,0x72,0x72,0x72,0x72,0x72,0x72,0x72,0x72,0x72,0x72,0x72,0x72,0x72,0x72,0x72,0x72,0x72,0x72,0x72,0x72,0x72,
    0x72,0x72,0x72,0x72,0x72,0x72,0x72,0x72,0x72,0x72,0x72,0x72,0x72,0x72,0x72,0x72,0x0f,0x0f,0x0f,0x0f,0x0f,0x0f,0x0f,0x0f,0x0f,0x0f,0x0f,0x0f,0x0f,0x0f,0x0f,0x0f,
    0x0f,0x0f,0x0f,0x0f,0x0f,0x0f,0x0f,0x0f,0x0f,0x0f,0x0f,0x0f,0x0f,0x0f,0x0f,0x0f,0x0f,0x0f,0x0f,0x0f,0x0f,0x0f,0x0f,0x0f,0x0f,0x0f,0x0f,0x0f,0x0f,0x0f,0x0f,0x0f,
    0x0f,0x0f,0x0f,0x0f,0x0f,0x0f,0x0f,0x0f,0x0f,0x0f,0x0f,0x0f,0x0f,0x0f,0x0f,0x0f,0x0f,0x0f,0x0f,0x0f,0x0f,0x0f,0x0f,0x09,0x09,0x72,0x72,0x72,0x72,0x72,0x72,0x72,
    0x72,0x72,0x72,0x72,0x72,0x72,0x72,0x72,0x72,0x72,0x72,0x72,0x72,0x72,0x72,0x72,0x72,0x72,0x72,0x72,0x72,0x72,0x72,0x72,0x72,0x72,0x72,0x72,0x72,0x50,0x50,0x50,
    0x50,0x03,0x03,0x9d,0x9d,0x9d,0x72,0x72,0x72,0x72,0x72,0x72,0x72,0x72,0x72,0x72,0x72,0x72,0x72,0x72,0x72,0x72,0x72,0x72,0x72,0x72,0x72,0x72,0x72,0x72,0x72,0x72,
    0x72,0x72,0x72,0x72,0x72,0x72,0x72,0x72,0x72,0x72,0x72,0x72,0x72,0x72,0x72,0x72,0x0f,0x0f,0x0f,0x0f,0x0f,0x0f,0x0f,0x0f,0x0f,0x0f,0x0f,0x0f,0x0f,0x0f,0x0f,0x0f,
    0x0f,0x0f,0x0f,0x0f,0x0f,0x0f,0x0f,0x0f,0x0f,0x0f,0x0f,0x0f,0x0f,0x0f,0x0f,0x0f,0x0f,0x0f,0x0f,0x0f,0x0f,0x0f,0x0f,0x0f,0x0f,0x0f,0x0f,0x0f,0x0f,0x0f,0x0f,0x0f,
    0x0f,0x0f,0x0f,0x0f,0x0f,0x0f,0x0f,0x0f,0x0f,0x0f,0x0f,0x0f,0x0f,0x0f,0x0f,0x0f,0x0f,0x0f,0x0f,0x0f,0x0f,0x0f,0x0f,0x09,0x09,0x72,0x72,0x72,0x72,0x72,0x72,0x72,
    0x72,0x72,0x72,0x72,0x72,0x72,0x72,0x72,0x72,0x72,0x72,0x72,0x72,0x72,0x72,0x72,0x72,0x72,0x72,0x72,0x72,0x72,0x72,0x72,0x72,0x72,0x72,0x72,0x72,0x50,0x50,0x50,
    0x50,0x03,0x03,0x9d,0x9d,0x9d,0x72,0x72,0x72,0x72,0x72,0x72,0x72,0x72,0x72,0x72,0x72,0x72,0x72,0x72,0x72,0x72,0x72,0x72,0x72,0x72,0x72,0x72,0x72,0x72,0x72,0x72,
    0x72,0x72,0x72,0x72,0x72,0x72,0x72,0x72,0x72,0x72,0x72,0x72,0x72,0x72,0x72,0x72,0x0f,0x0f,0x0f,0x0f,0x0f,0x0f,0x0f,0x0f,0x0f,0x0f,0x0f,0x0f,0x0f,0x0f,0x0f,0x0f,
    0x0f,0x0f,0x0f,0x0f,0x0f,0x0f,0x0f,0x0f,0x0f,0x0f,0x0f,0x0f,0x0f,0x0f,0x0f,0x0f,0x0f,0x0f,0x0f,0x0f,0x0f,0x0f,0x0f,0x0f,0x0f,0x0f,0x0f,0x0f,0x0f,0x0f,0x0f,0x0f,
    0x0f,0x0f,0x0f,0x0f,0x0f,0x0f,0x0f,0x0f,0x0f,0x0f,0x0f,0x0f,0x0f,0x0f,0x0f,0x0f,0x0f,0x0f,0x0f,0x0f,0x0f,0x0f,0x0f,0x09,0x09,0x72,0x72,0x72,0x72,0x72,0x72,0x72,
    0x72,0x72,0x72,0x72,0x72,0x72,0x72,0x72,0x72,0x72,0x72,0x72,0x72,0x72,0x72,0x72,0x72,0x72,0x72,0x72,0x72,0x72,0x72,0x72,0x72,0x72,0x72,0x72,0x72,0x50,0x50,0x50,
    0x50,0x03,0x03,0x9d,0x9d,0x9d,0x72,0x72,0x72,0x72,0x72,0x72,0x72,0x72,0x72,0x72,0x72,0x72,0x72,0x72,0x72,0x72,0x72,0x72,0x72,0x72,0x72,0x72,0x72,0x72,0x72,0x72,
    0x72,0x72,0x72,0x72,0x72,0x72,0x72,0x72,0x72,0x72,0x72,0x72,0x72,0x72,0x72,0x72,0x0f,0x0f,0x0f,0x0f,0x0f,0x0f,0x0f,0x0f,0x0f,0x0f,0x0f,0x0f,0x0f,0x0f,0x0f,0x0f,
    0x0f,0x0f,0x0f,0x0f,0x0f,0x0f,0x0f,0x0f,0x0f,0x0f,0x0f,0x0f,0x0f,0x0f,0x0f,0x0f,0x0f,0x0f,0x0f,0x0f,0x0f,0x0f,0x0f,0x0f,0x0f,0x0f,0x0f,0x0f,0x0f,0x0f,0x0f,0x0f,
    0x0f,0x0f,0x0f,0x0f,0x0f,0x0f,0x0f,0x0f,0x0f,0x0f,0x0f,0x0f,0x0f,0x0f,0x0f,0x0f,0x0f,0x0f,0x0f,0x0f,0x0f,0x0f,0x0f,0x09,0x09,0x72,0x72,0x72,0x72,0x72,0x72,0x72,
    0x72,0x72,0x72,0x72,0x72,0x72,0x72,0x72,0x72,0x72,0x72,0x72,0x72,0x72,0x72,0x72,0x72,0x72,0x72,0x72,0x72,0x72,0x72,0x72,0x72,0x72,0x72,0x72,0x72,0x50,0x50,0x50,
    0x50,0x03,0x03,0x9d,0x9d,0x9d,0x72,0x72,0x72,0x72,0x72,0x72,0x72,0x72,0x72,0x72,0x72,0x72,0x72,0x72,0x72,0x72,0x72,0x72,0x72,0x72,0x72,0x72,0x72,0x72,0x72,0x72,
    0x72,0x72,0x72,0x72,0x72,0x72,0x72,0x72,0x72,0x72,0x72,0x72,0x72,0x72,0x72,0x72,0x0b,0x0f,0x0f,0x0f,0x0f,0x0f,0x0f,0x0f,0x0f,0x0f,0x0f,0x0f,0x0f,0x0f,0x0f,0x0f,
    0x0f,0x0f,0x0f,0x0f,0x0f,0x0f,0x0f,0x0f,0x0f,0x0f,0x0f,0x0f,0x0f,0x0f,0x0f,0x0f,0x0f,0x0f,0x0f,0x0f,0x0f,0x0f,0x0f,0x0f,0x0f,0x0f,0x0f,0x0f,0x0f,0x0f,0x0f,0x0f,
    0x0f,0x0f,0x0f,0x0f,0x0f,0x0f,0x0f,0x0f,0x0f,0x0f,0x0f,0x0f,0x0f,0x0f,0x0f,0x0f,0x0f,0x0f,0x0f,0x0f,0x0f,0x0f,0x0f,0x09,0x09,0x72,0x72,0x72,0x72,0x72,0x72,0x72,
    0x72,0x72,0x72,0x72,0x72,0x72,0x72,0x72,0x72,0x72,0x72,0x72,0x72,0x72,0x72,0x72,0x72,0x72,0x72,0x72,0x72,0x72,0x72,0x72,0x72,0x72,0x72,0x72,0x72,0x50,0x50,0x50,
    0x50,0x03,0x03,0x9d,0x9d,0x9d,0x72,0x72,0x72,0x72,0x72,0x72,0x72,0x72,0x72,0x72,0x72,0x72,0x72,0x72,0x72,0x72,0x72,0x72,0x72,0x72,0x72,0x72,0x72,0x72,0x72,0x72,
    0x72,0x72,0x72,0x72,0x72,0x72,0x72,0x72,0x72,0x72,0x72,0x72,0x72,0x72,0x72,0x72,0x1c,0x0f,0x0f,0x0f,0x0f,0x0f,0x0f,0x0f,0x0f,0x0f,0x0f,0x0f,0x0f,0x0f,0x0f,0x0f,
    0x0f,0x0f,0x0f,0x0f,0x0f,0x0f,0x0f,0x0f,0x0f,0x0f,0x0f,0x0f,0x0f,0x0f,0x0f,0x0f,0x0f,0x0f,0x0f,0x0f,0x0f,0x0f,0x0f,0x0f,0x0f,0x0f,0x0f,0x0f,0x0f,0x0f,0x0f,0x0f,
    0x0f,0x0f,0x0f,0x0f,0x0f,0x0f,0x0f,0x0f,0x0f,0x0f,0x0f,0x0f,0x0f,0x0f,0x0f,0x0f,0x0f,0x0f,0x0f,0x0f,0x0f,0x0f,0x0b,0x09,0x09,0x72,0x72,0x72,0x72,0x72,0x72,0x72,
    0x72,0x72,0x72,0x72,0x72,0x72,0x72,0x72,0x72,0x72,0x72,0x72,0x72,0x72,0x72,0x72,0x72,0x72,0x72,0x72,0x72,0x72,0x72,0x72,0x72,0x72,0x72,0x72,0x72,0x50,0x50,0x50,
    0x50,0x03,0x03,0x9d,0x9d,0x9d,0x72,0x72,0x72,0x72,0x72,0x72,0x72,0x72,0x72,0x72,0x72,0x72,0x72,0x72,0x72,0x72,0x72,0x72,0x72,0x72,0x72,0x72,0x72,0x72,0x72,0x72,
    0x72,0x72,0x72,0x72,0x72,0x72,0x72,0x72,0x72,0x72,0x72,0x72,0x72,0x72,0x72,0x72,0x2a,0x0f,0x0f,0x0f,0x0f,0x0f,0x0f,0x0f,0x0f,0x0f,0x0f,0x0f,0x0f,0x0f,0x0f,0x0f,
    0x0f,0x0f,0x0f,0x0f,0x0f,0x0f,0x0f,0x0f,0x0f,0x0f,0x0f,0x0f,0x0f,0x0f,0x0f,0x0f,0x0f,0x0f,0x0f,0x0f,0x0f,0x0f,0x0f,0x0f,0x0f,0x0f,0x0f,0x0f,0x0f,0x0f,0x0f,0x0f,
    0x0f,0x0f,0x0f,0x0f,0x0f,0x0f,0x0f,0x0f,0x0f,0x0f,0x0f,0x0f,0x0f,0x0f,0x0f,0x0f,0x0f,0x0f,0x0f,0x0f,0x0f,0x0f,0x0b,0x09,0x12,0x72,0x72,0x72,0x72,0x72,0x72,0x72,
    0x72,0x72,0x72,0x72,0x72,0x72,0x72,0x72,0x72,0x72,0x72,0x72,0x72,0x72,0x72,0x72,0x72,0x72,0x72,0x72,0x72,0x72,0x72,0x72,0x72,0x72,0x72,0x72,0x72,0x50,0x50,0x50,
    0x50,0x03,0x03,0x9d,0x9d,0x9d,0x72,0x72,0x72,0x72,0x72,0x72,0x72,0x72,0x72,0x72,0x72,0x72,0x72,0x72,0x72,0x72,0x72,0x72,0x72,0x72,0x72,0x72,0x72,0x72,0x72,0x72,
    0x72,0x72,0x72,0x72,0x72,0x72,0x72,0x72,0x72,0x72,0x72,0x72,0x72,0x72,0x72,0x72,0x49,0x0f,0x0f,0x0f,0x0f,0x0f,0x0f,0x0f,0x0f,0x0f,0x0f,0x0f,0x0f,0x0f,0x0f,0x0f,
    0x0f,0x0f,0x0f,0x0f,0x0f,0x0f,0x0f,0x0f,0x0f,0x0f,0x0f,0x0f,0x0f,0x0f,0x0f,0x0f,0x0f,0x0f,0x0f,0x0f,0x0f,0x0f,0x0f,0x0f,0x0f,0x0f,0x0f,0x0f,0x0f,0x0f,0x0f,0x0f,
    0x0f,0x0f,0x0f,0x0f,0x0f,0x0f,0x0f,0x0f,0x0f,0x0f,0x0f,0x0f,0x0f,0x0f,0x0f,0x0f,0x0f,0x0f,0x0f,0x0f,0x0f,0x0f,0x0a,0x09,0x27,0x72,0x72,0x72,0x72,0x72,0x72,0x72,
    0x72,0x72,0x72,0x72,0x72,0x72,0x72,0x72,0x72,0x72,0x72,0x72,0x72,0x72,0x72,0x72,0x72,0x72,0x72,0x72,0x72,0x72,0x72,0x72,0x72,0x72,0x72,0x72,0x72,0x50,0x50,0x50,
    0x50,0x03,0x03,0x9d,0x9d,0x9d,0x72,0x72,0x72,0x72,0x72,0x72,0x72,0x72,0x72,0x72,0x72,0x72,0x72,0x72,0x72,0x72,0x72,0x72,0x72,0x72,0x72,0x72,0x72,0x72,0x72,0x72,
    0x72,0x72,0x72,0x72,0x72,0x72,0x72,0x72,0x72,0x72,0x72,0x72,0x72,0x72,0x72,0x72,0x6b,0x0b,0x0f,0x0f,0x0f,0x0f,0x0f,0x0f,0x0f,0x0f,0x0f,0x0f,0x0f,0x0f,0x0f,0x0f,
    0x0f,0x0f,0x0f,0x0f,0x0f,0x0f,0x0f,0x0f,0x0f,0x0f,0x0f,0x0f,0x0f,0x0f,0x0f,0x0f,0x0f,0x0f,0x0f,0x0f,0x0f,0x0f,0x0f,0x0f,0x0f,0x0f,0x0f,0x0f,0x0f,0x0f,0x0f,0x0f,
    0x0f,0x0f,0x0f,0x0f,0x0f,0x0f,0x0f,0x0f,0x0f,0x0f,0x0f,0x0f,0x0f,0x0f,0x0f,0x0f,0x0f,0x0f,0x0f,0x0f,0x0f,0x0b,0x09,0x09,0x43,0x72,0x72,0x72,0x72,0x72,0x72,0x72,
    0x72,0x72,0x72,0x72,0x72,0x72,0x72,0x72,0x72,0x72,0x72,0x72,0x72,0x72,0x72,0x72,0x72,0x72,0x72,0x72,0x72,0x72,0x72,0x72,0x72,0x72,0x72,0x72,0x72,0x50,0x50,0x50,
    0x50,0x03,0x03,0x9d,0x9d,0x9d,0x72,0x72,0x72,0x72,0x72,0x72,0x72,0x72,0x72,0x72,0x72,0x72,0x72,0x72,0x72,0x72,0x72,0x72,0x72,0x72,0x72,0x72,0x72,0x72,0x72,0x72,
    0x72,0x72,0x72,0x72,0x72,0x72,0x72,0x72,0x72,0x72,0x72,0x72,0x72,0x72,0x72,0x72,0x72,0x44,0x0f,0x0f,0x0f,0x0f,0x0f,0x0f,0x0f,0x0f,0x0f,0x0f,0x0f,0x0f,0x0f,0x0f,
    0x0f,0x0f,0x0f,0x0f,0x0f,0x0f,0x0f,0x0f,0x0f,0x0f,0x0f,0x0f,0x0f,0x0f,0x0f,0x0f,0x0f,0x0f,0x0f,0x0f,0x0f,0x0f,0x0f,0x0f,0x0f,0x0f,0x0f,0x0f,0x0f,0x0f,0x0f,0x0f,
    0x0f,0x0f,0x0f,0x0f,0x0f,0x0f,0x0f,0x0f,0x0f,0x0f,0x0f,0x0f,0x0f,0x0f,0x0f,0x0f,0x0f,0x0f,0x0f,0x0f,0x0f,0x0a,0x09,0x12,0x6b,0x72,0x72,0x72,0x72,0x72,0x72,0x72,
    0x72,0x72,0x72,0x72,0x72,0x72,0x72,0x72,0x72,0x72,0x72,0x72,0x72,0x72,0x72,0x72,0x72,0x72,0x72,0x72,0x72,0x72,0x72,0x72,0x72,0x72,0x72,0x72,0x72,0x50,0x50,0x50,
    0x50,0x03,0x03,0x9d,0x9d,0x9d,0x72,0x72,0x72,0x72,0x72,0x72,0x72,0x72,0x72,0x72,0x72,0x72,0x72,0x72,0x72,0x72,0x72,0x72,0x72,0x72,0x72,0x72,0x72,0x72,0x72,0x72,
    0x72,0x72,0x72,0x72,0x72,0x72,0x72,0x72,0x72,0x72,0x72,0x72,0x72,0x72,0x72,0x72,0x72,0x72,0x1f,0x0f,0x0f,0x0f,0x0f,0x0f,0x0f,0x0f,0x0f,0x0f,0x0f,0x0f,0x0f,0x0f,
    0x0f,0x0f,0x0f,0x0f,0x0f,0x0f,0x0f,0x0f,0x0f,0x0f,0x0f,0x0f,0x0f,0x0f,0x0f,0x0f,0x0f,0x0f,0x0f,0x0f,0x0f,0x0f,0x0f,0x0f,0x0f,0x0f,0x0f,0x0f,0x0f,0x0f,0x0f,0x0f,
    0x0f,0x0f,0x0f,0x0f,0x0f,0x0f,0x0f,0x0f,0x0f,0x0f,0x0f,0x0f,0x0f,0x0f,0x0f,0x0f,0x0f,0x0f,0x0f,0x0f,0x0b,0x09,0x09,0x43,0x72,0x72,0x72,0x72,0x72,0x72,0x72,0x72,
    0x72,0x72,0x72,0x72,0x72,0x72,0x72,0x72,0x72,0x72,0x72,0x72,0x72,0x72,0x72,0x72,0x72,0x72,0x72,0x72,0x72,0x72,0x72,0x72,0x72,0x72,0x72,0x72,0x72,0x50,0x50,0x50,
    0x50,0x03,0x03,0x9d,0x9d,0x9d,0x72,0x72,0x72,0x72,0x72,0x72,0x72,0x72,0x72,0x72,0x72,0x72,0x72,0x72,0x72,0x72,0x72,0x72,0x72,0x72,0x72,0x72,0x72,0x72,0x72,0x72,
    0x72,0x72,0x72,0x72,0x72,0x72,0x72,0x72,0x72,0x72,0x72,0x72,0x72,0x72,0x72,0x72,0x72,0x72,0x5f,0x17,0x0f,0x0f,0x0f,0x0f,0x0f,0x0f,0x0f,0x0f,0x0f,0x0f,0x0f,0x0f,
    0x0f,0x0f,0x0f,0x0f,0x0f,0x0f,0x0f,0x0f,0x0f,0x0f,0x0f,0x0f,0x0f,0x0f,0x0f,0x0f,0x0f,0x0f,0x0f,0x0f,0x0f,0x0f,0x0f,0x0f,0x0f,0x0f,0x0f,0x0f,0x0f,0x0f,0x0f,0x0f,
    0x0f,0x0f,0x0f,0x0f,0x0f,0x0f,0x0f,0x0f,0x0f,0x0f,0x0f,0x0f,0x0f,0x0f,0x0f,0x0f,0x0f,0x0f,0x0f,0x0b,0x09,0x09,0x1a,0x72,0x72,0x72,0x72,0x72,0x72,0x72,0x72,0x72,
    0x72,0x72,0x72,0x72,0x72,0x72,0x72,0x72,0x72,0x72,0x72,0x72,0x72,0x72,0x72,0x72,0x72,0x72,0x72,0x72,0x72,0x72,0x72,0x72,0x72,0x72,0x72,0x72,0x72,0x50,0x50,0x50,
    0x50,0x03,0x03,0x9d,0x9d,0x9d,0x72,0x72,0x72,0x72,0x72,0x72,0x72,0x72,0x72,0x72,0x72,0x72,0x72,0x72,0x72,0x72,0x72,0x72,0x72,0x72,0x72,0x72,0x72,0x72,0x72,0x72,
    0x72,0x72,0x72,0x72,0x72,0x72,0x72,0x72,0x72,0x72,0x72,0x72,0x72,0x72,0x72,0x72,0x72,0x72,0x72,0x5f,0x1c,0x0f,0x0f,0x0f,0x0f,0x0f,0x0f,0x0f,0x0f,0x0f,0x0f,0x0f,
    0x0f,0x0f,0x0f,0x0f,0x0f,0x0f,0x0f,0x0f,0x0f,0x0f,0x0f,0x0f,0x0f,0x0f,0x0f,0x0f,0x0f,0x0f,0x0f,0x0f,0x0f,0x0f,0x0f,0x0f,0x0f,0x0f,0x0f,0x0f,0x0f,0x0f,0x0f,0x0f,
    0x0f,0x0f,0x0f,0x0f,0x0f,0x0f,0x0f,0x0f,0x0f,0x0f,0x0f,0x0f,0x0f,0x0f,0x0f,0x0f,0x0f,0x0f,0x0b,0x09,0x09,0x12,0x5f,0x72,0x72,0x72,0x72,0x72,0x72,0x72,0x72,0x72,
    0x72,0x72,0x72,0x72,0x72,0x72,0x72,0x72,0x72,0x72,0x72,0x72,0x72,0x72,0x72,0x72,0x72,0x72,0x72,0x72,0x72,0x72,0x72,0x72,0x72,0x72,0x72,0x72,0x72,0x50,0x50,0x50,
    0x50,0x03,0x03,0x9d,0x9d,0x9d,0x72,0x72,0x72,0x72,0x72,0x72,0x72,0x72,0x72,0x72,0x72,0x72,0x72,0x72,0x72,0x72,0x72,0x72,0x72,0x72,0x72,0x72,0x72,0x72,0x72,0x72,
    0x72,0x72,0x72,0x72,0x72,0x72,0x72,0x72,0x72,0x72,0x72,0x72,0x72,0x72,0x72,0x72,0x72,0x72,0x72,0x72,0x72,0x3a,0x0b,0x0f,0x0f,0x0f,0x0f,0x0f,0x0f,0x0f,0x0f,0x0f,
    0x0f,0x0f,0x0f,0x0f,0x0f,0x0f,0x0f,0x0f,0x0f,0x0f,0x0f,0x0f,0x0f,0x0f,0x0f,0x0f,0x0f,0x0f,0x0f,0x0f,0x0f,0x0f,0x0f,0x0f,0x0f,0x0f,0x0f,0x0f,0x0f,0x0f,0x0f,0x0f,
    0x0f,0x0f,0x0f,0x0f,0x0f,0x0f,0x0f,0x0f,0x0f,0x0f,0x0f,0x0f,0x0f,0x0f,0x0f,0x0f,0x0b,0x0a,0x09,0x09,0x1a,0x6b,0x72,0x72,0x72,0x72,0x72,0x72,0x72,0x72,0x72,0x72,
    0x72,0x72,0x72,0x72,0x72,0x72,0x72,0x72,0x72,0x72,0x72,0x72,0x72,0x72,0x72,0x72,0x72,0x72,0x72,0x72,0x72,0x72,0x72,0x72,0x72,0x72,0x72,0x72,0x72,0x50,0x50,0x50,
    0x50,0x03,0x03,0x9d,0x9d,0x9d,0x72,0x72,0x72,0x72,0x72,0x72,0x72,0x72,0x72,0x72,0x72,0x72,0x72,0x72,0x72,0x72,0x72,0x72,0x72,0x72,0x72,0x72,0x72,0x72,0x72,0x72,
    0x72,0x72,0x72,0x72,0x72,0x72,0x72,0x72,0x72,0x72,0x72,0x72,0x72,0x72,0x72,0x72,0x72,0x72,0x72,0x72,0x72,0x72,0x6b,0x29,0x0a,0x0b,0x0f,0x0f,0x0f,0x0f,0x0f,0x0f,
    0x0f,0x0f,0x0f,0x0f,0x0f,0x0f,0x0f,0x0f,0x0f,0x0f,0x0f,0x0f,0x0f,0x0f,0x0f,0x0f,0x0f,0x0f,0x0f,0x0f,0x0f,0x0f,0x0f,0x0f,0x0f,0x0f,0x0f,0x0f,0x0f,0x0f,0x0f,0x0f,
    0x0f,0x0f,0x0f,0x0f,0x0f,0x0f,0x0f,0x0f,0x0f,0x0f,0x0f,0x0f,0x0f,0x0b,0x0b,0x0a,0x09,0x09,0x12,0x3e,0x72,0x72,0x72,0x72,0x72,0x72,0x72,0x72,0x72,0x72,0x72,0x72,
    0x72,0x72,0x72,0x72,0x72,0x72,0x72,0x72,0x72,0x72,0x72,0x72,0x72,0x72,0x72,0x72,0x72,0x72,0x72,0x72,0x72,0x72,0x72,0x72,0x72,0x72,0x72,0x72,0x72,0x50,0x50,0x50,
    0x50,0x03,0x03,0x9d,0x9d,0x9d,0x72,0x72,0x72,0x72,0x72,0x72,0x72,0x72,0x72,0x72,0x72,0x72,0x72,0x72,0x72,0x72,0x72,0x72,0x72,0x72,0x72,0x72,0x72,0x72,0x72,0x72,
    0x72,0x72,0x72,0x72,0x72,0x72,0x72,0x72,0x72,0x72,0x72,0x72,0x72,0x72,0x72,0x72,0x72,0x72,0x72,0x72,0x72,0x72,0x72,0x72,0x6b,0x43,0x27,0x12,0x09,0x09,0x09,0x09,
    0x09,0x09,0x09,0x09,0x09,0x09,0x09,0x09,0x09,0x09,0x09,0x09,0x09,0x09,0x09,0x09,0x09,0x09,0x09,0x09,0x09,0x09,0x09,0x09,0x09,0x09,0x09,0x09,0x09,0x09,0x09,0x09,
    0x09,0x09,0x09,0x09,0x09,0x09,0x09,0x09,0x09,0x09,0x09,0x09,0x09,0x09,0x09,0x12,0x27,0x43,0x6b,0x72,0x72,0x72,0x72,0x72,0x72,0x72,0x72,0x72,0x72,0x72,0x72,0x72,
    0x72,0x72,0x72,0x72,0x72,0x72,0x72,0x72,0x72,0x72,0x72,0x72,0x72,0x72,0x72,0x72,0x72,0x72,0x72,0x72,0x72,0x72,0x72,0x72,0x72,0x72,0x72,0x72,0x72,0x50,0x50,0x50,
    0x50,0x03,0x03,0x9d,0x9d,0x9d,0x72,0x72,0x72,0x72,0x72,0x72,0x72,0x72,0x72,0x72,0x72,0x72,0x72,0x72,0x72,0x72,0x72,0x72,0x72,0x72,0x72,0x72,0x72,0x72,0x72,0x72,
    0x72,0x72,0x72,0x72,0x72,0x72,0x72,0x72,0x72,0x72,0x72,0x72,0x72,0x72,0x72,0x72,0x72,0x72,0x72,0x72,0x72,0x72,0x72,0x72,0x72,0x72,0x72,0x72,0x72,0x72,0x72,0x72,
    0x72,0x72,0x72,0x72,0x72,0x72,0x72,0x72,0x72,0x72,0x72,0x72,0x72,0x72,0x72,0x72,0x72,0x72,0x72,0x72,0x72,0x72,0x72,0x72,0x72,0x72,0x72,0x72,0x72,0x72,0x72,0x72,
    0x72,0x72,0x72,0x72,0x72,0x72,0x72,0x72,0x72,0x72,0x72,0x72,0x72,0x72,0x72,0x72,0x72,0x72,0x72,0x72,0x72,0x72,0x72,0x72,0x72,0x72,0x72,0x72,0x72,0x72,0x72,0x72,
    0x72,0x72,0x72,0x72,0x72,0x72,0x72,0x72,0x72,0x72,0x72,0x72,0x72,0x72,0x72,0x72,0x72,0x72,0x72,0x72,0x72,0x72,0x72,0x72,0x72,0x72,0x72,0x72,0x72,0x50,0x50,0x50,
    0x50,0x03,0x03,0x9d,0x9d,0x9d,0x72,0x72,0x72,0x72,0x72,0x72,0x72,0x72,0x72,0x72,0x72,0x72,0x72,0x72,0x72,0x72,0x72,0x72,0x72,0x72,0x72,0x72,0x72,0x72,0x72,0x72,
    0x72,0x72,0x72,0x72,0x72,0x72,0x72,0x72,0x72,0x72,0x72,0x72,0x72,0x72,0x72,0x72,0x72,0x72,0x72,0x72,0x72,0x72,0x72,0x72,0x72,0x72,0x72,0x72,0x72,0x72,0x72,0x72,
    0x72,0x72,0x72,0x72,0x72,0x72,0x72,0x72,0x72,0x72,0x72,0x72,0x72,0x72,0x72,0x72,0x72,0x72,0x72,0x72,0x72,0x72,0x72,0x72,0x72,0x72,0x72,0x72,0x72,0x72,0x72,0x72,
    0x72,0x72,0x72,0x72,0x72,0x72,0x72,0x72,0x72,0x72,0x72,0x72,0x72,0x72,0x72,0x72,0x72,0x72,0x72,0x72,0x72,0x72,0x72,0x72,0x72,0x72,0x72,0x72,0x72,0x72,0x72,0x72,
    0x72,0x72,0x72,0x72,0x72,0x72,0x72,0x72,0x72,0x72,0x72,0x72,0x72,0x72,0x72,0x72,0x72,0x72,0x72,0x72,0x72,0x72,0x72,0x72,0x72,0x72,0x72,0x72,0x72,0x50,0x50,0x50,
    0x50,0x03,0x03,0x9d,0x9d,0x9d,0x72,0x72,0x72,0x72,0x72,0x72,0x72,0x72,0x72,0x72,0x72,0x72,0x72,0x72,0x72,0x72,0x72,0x72,0x72,0x72,0x72,0x72,0x72,0x72,0x72,0x72,
    0x72,0x72,0x72,0x72,0x72,0x72,0x72,0x72,0x72,0x72,0x72,0x72,0x72,0x72,0x72,0x72,0x72,0x72,0x72,0x72,0x72,0x72,0x72,0x72,0x72,0x72,0x72,0x72,0x72,0x72,0x72,0x72,
    0x72,0x72,0x72,0x72,0x72,0x72,0x72,0x72,0x72,0x72,0x72,0x72,0x72,0x72,0x72,0x72,0x72,0x72,0x72,0x72,0x72,0x72,0x72,0x72,0x72,0x72,0x72,0x72,0x72,0x72,0x72,0x72,
    0x72,0x72,0x72,0x72,0x72,0x72,0x72,0x72,0x72,0x72,0x72,0x72,0x72,0x72,0x72,0x72,0x72,0x72,0x72,0x72,0x72,0x72,0x72,0x72,0x72,0x72,0x72,0x72,0x72,0x72,0x72,0x72,
    0x72,0x72,0x72,0x72,0x72,0x72,0x72,0x72,0x72,0x72,0x72,0x72,0x72,0x72,0x72,0x72,0x72,0x72,0x72,0x72,0x72,0x72,0x72,0x72,0x72,0x72,0x72,0x72,0x72,0x50,0x50,0x50,
    0x50,0x03,0x03,0x9d,0x9d,0x9d,0x72,0x72,0x72,0x72,0x72,0x72,0x72,0x72,0x72,0x72,0x72,0x72,0x72,0x72,0x72,0x72,0x72,0x72,0x72,0x72,0x72,0x72,0x72,0x72,0x72,0x72,
    0x72,0x72,0x72,0x72,0x72,0x72,0x72,0x72,0x72,0x72,0x72,0x72,0x72,0x72,0x72,0x72,0x72,0x72,0x72,0x72,0x72,0x72,0x72,0x72,0x72,0x72,0x72,0x72,0x72,0x72,0x72,0x72,
    0x72,0x72,0x72,0x72,0x72,0x72,0x72,0x72,0x72,0x72,0x72,0x72,0x72,0x72,0x72,0x72,0x72,0x72,0x72,0x72,0x72,0x72,0x72,0x72,0x72,0x72,0x72,0x72,0x72,0x72,0x72,0x72,
    0x72,0x72,0x72,0x72,0x72,0x72,0x72,0x72,0x72,0x72,0x72,0x72,0x72,0x72,0x72,0x72,0x72,0x72,0x72,0x72,0x72,0x72,0x72,0x72,0x72,0x72,0x72,0x72,0x72,0x72,0x72,0x72,
    0x72,0x72,0x72,0x72,0x72,0x72,0x72,0x72,0x72,0x72,0x72,0x72,0x72,0x72,0x72,0x72,0x72,0x72,0x72,0x72,0x72,0x72,0x72,0x72,0x72,0x72,0x72,0x72,0x72,0x50,0x50,0x50,
    0x50,0x03,0x03,0x9d,0x9d,0x9d,0x72,0x72,0x72,0x72,0x72,0x72,0x72,0x72,0x72,0x72,0x72,0x72,0x72,0x72,0x72,0x72,0x72,0x72,0x72,0x72,0x72,0x72,0x72,0x72,0x72,0x72,
    0x72,0x72,0x72,0x72,0x72,0x72,0x72,0x72,0x72,0x72,0x72,0x72,0x72,0x72,0x72,0x72,0x72,0x72,0x72,0x72,0x72,0x72,0x72,0x72,0x72,0x72,0x72,0x72,0x72,0x72,0x72,0x72,
    0x72,0x72,0x72,0x72,0x72,0x72,0x72,0x72,0x72,0x72,0x72,0x72,0x72,0x72,0x72,0x72,0x72,0x72,0x72,0x72,0x72,0x72,0x72,0x72,0x72,0x72,0x72,0x72,0x72,0x72,0x72,0x72,
    0x72,0x72,0x72,0x72,0x72,0x72,0x72,0x72,0x72,0x72,0x72,0x72,0x72,0x72,0x72,0x72,0x72,0x72,0x72,0x72,0x72,0x72,0x72,0x72,0x72,0x72,0x72,0x72,0x72,0x72,0x72,0x72,
    0x72,0x72,0x72,0x72,0x72,0x72,0x72,0x72,0x72,0x72,0x72,0x72,0x72,0x72,0x72,0x72,0x72,0x72,0x72,0x72,0x72,0x72,0x72,0x72,0x72,0x72,0x72,0x72,0x72,0x50,0x50,0x50,
    0x50,0x03,0x03,0x9d,0x9d,0x9d,0x72,0x72,0x72,0x72,0x72,0x72,0x72,0x72,0x72,0x72,0x72,0x72,0x72,0x72,0x72,0x72,0x72,0x72,0x72,0x72,0x72,0x72,0x72,0x72,0x72,0x72,
    0x72,0x72,0x72,0x72,0x72,0x72,0x72,0x72,0x72,0x72,0x72,0x72,0x72,0x72,0x72,0x72,0x03,0x03,0x03,0x03,0x03,0x03,0x03,0x72,0x72,0x72,0x72,0x72,0x72,0x72,0x72,0x03,
    0x03,0x72,0x72,0x03,0x03,0x72,0x72,0x72,0x72,0x72,0x03,0x03,0x03,0x03,0x72,0x72,0x72,0x03,0x03,0x03,0x03,0x03,0x72,0x72,0x03,0x03,0x72,0x72,0x72,0x72,0x72,0x72,
    0x72,0x72,0x72,0x72,0x72,0x72,0x72,0x72,0x72,0x72,0x72,0x72,0x72,0x72,0x72,0x72,0x03,0x03,0x03,0x03,0x72,0x72,0x72,0x72,0x72,0x72,0x72,0x72,0x72,0x72,0x72,0x72,
    0x72,0x72,0x72,0x72,0x72,0x72,0x72,0x72,0x72,0x72,0x72,0x72,0x72,0x72,0x72,0x72,0x72,0x72,0x72,0x72,0x72,0x72,0x72,0x72,0x72,0x72,0x72,0x72,0x72,0x50,0x50,0x50,
    0x50,0x03,0x03,0x9d,0x9d,0x9d,0x72,0x72,0x72,0x72,0x72,0x72,0x72,0x72,0x72,0x72,0x72,0x72,0x72,0x72,0x72,0x72,0x72,0x72,0x72,0x72,0x72,0x72,0x72,0x72,0x72,0x72,
    0x72,0x72,0x72,0x72,0x72,0x72,0x72,0x72,0x72,0x72,0x72,0x72,0x72,0x72,0x72,0x72,0x03,0x03,0x72,0x72,0x72,0x72,0x72,0x72,0x72,0x72,0x72,0x72,0x72,0x72,0x72,0x72,
    0x72,0x72,0x72,0x03,0x03,0x72,0x72,0x72,0x72,0x72,0x03,0x03,0x72,0x72,0x72,0x72,0x03,0x03,0x72,0x72,0x72,0x03,0x03,0x72,0x03,0x03,0x72,0x72,0x72,0x72,0x72,0x72,
    0x72,0x72,0x72,0x72,0x72,0x72,0x72,0x72,0x72,0x72,0x72,0x72,0x72,0x72,0x72,0x72,0x72,0x72,0x03,0x03,0x72,0x72,0x72,0x72,0x72,0x72,0x72,0x72,0x72,0x72,0x72,0x72,
    0x72,0x72,0x72,0x72,0x72,0x72,0x72,0x72,0x72,0x72,0x72,0x72,0x72,0x72,0x72,0x72,0x72,0x72,0x72,0x72,0x72,0x72,0x72,0x72,0x72,0x72,0x72,0x72,0x72,0x50,0x50,0x50,
    0x50,0x03,0x03,0x9d,0x9d,0x9d,0x72,0x72,0x72,0x72,0x72,0x72,0x72,0x72,0x72,0x72,0x72,0x72,0x72,0x72,0x72,0x72,0x72,0x72,0x72,0x72,0x72,0x72,0x72,0x72,0x72,0x72,
    0x72,0x72,0x72,0x72,0x72,0x72,0x72,0x72,0x72,0x72,0x72,0x72,0x72,0x72,0x72,0x72,0x03,0x03,0x72,0x72,0x72,0x72,0x72,0x03,0x03,0x72,0x72,0x03,0x03,0x72,0x72,0x03,
    0x03,0x72,0x03,0x03,0x03,0x03,0x72,0x72,0x72,0x72,0x03,0x03,0x72,0x72,0x72,0x03,0x03,0x72,0x72,0x72,0x72,0x72,0x03,0x72,0x03,0x03,0x72,0x72,0x72,0x03,0x03,0x03,
    0x72,0x72,0x72,0x72,0x03,0x03,0x03,0x03,0x03,0x72,0x72,0x03,0x03,0x03,0x03,0x03,0x72,0x72,0x03,0x03,0x72,0x72,0x72,0x72,0x72,0x72,0x72,0x72,0x72,0x72,0x72,0x72,
    0x72,0x72,0x72,0x72,0x72,0x72,0x72,0x72,0x72,0x72,0x72,0x72,0x72,0x72,0x72,0x72,0x72,0x72,0x72,0x72,0x72,0x72,0x72,0x72,0x72,0x72,0x72,0x72,0x72,0x50,0x50,0x50,
    0x50,0x03,0x03,0x9d,0x9d,0x9d,0x72,0x72,0x72,0x72,0x72,0x72,0x72,0x72,0x72,0x72,0x72,0x72,0x72,0x72,0x72,0x72,0x72,0x72,0x72,0x72,0x72,0x72,0x72,0x72,0x72,0x72,
    0x72,0x72,0x72,0x72,0x72,0x72,0x72,0x72,0x72,0x72,0x72,0x72,0x72,0x72,0x72,0x72,0x03,0x03,0x72,0x72,0x72,0x72,0x72,0x72,0x03,0x03,0x03,0x03,0x72,0x72,0x72,0x03,
    0x03,0x72,0x72,0x03,0x03,0x72,0x72,0x72,0x72,0x72,0x03,0x03,0x72,0x72,0x72,0x03,0x03,0x72,0x72,0x72,0x72,0x72,0x72,0x72,0x03,0x03,0x72,0x72,0x03,0x03,0x6c,0x6c,
    0x03,0x72,0x72,0x72,0x03,0x72,0x72,0x72,0x03,0x03,0x72,0x03,0x03,0x72,0x72,0x72,0x72,0x72,0x03,0x03,0x72,0x72,0x72,0x72,0x72,0x72,0x72,0x72,0x72,0x72,0x72,0x72,
    0x72,0x72,0x72,0x72,0x72,0x72,0x72,0x72,0x72,0x72,0x72,0x72,0x72,0x72,0x72,0x72,0x72,0x72,0x72,0x72,0x72,0x72,0x72,0x72,0x72,0x72,0x72,0x72,0x72,0x50,0x50,0x50,
    0x50,0x03,0x03,0x9d,0x9d,0x9d,0x72,0x72,0x72,0x72,0x72,0x72,0x72,0x72,0x72,0x72,0x72,0x72,0x72,0x72,0x72,0x72,0x72,0x72,0x72,0x72,0x72,0x72,0x72,0x72,0x72,0x72,
    0x72,0x72,0x72,0x72,0x72,0x72,0x72,0x72,0x72,0x72,0x72,0x72,0x72,0x72,0x72,0x72,0x03,0x03,0x03,0x03,0x03,0x03,0x03,0x72,0x72,0x03,0x03,0x72,0x72,0x72,0x72,0x03,
    0x03,0x72,0x72,0x03,0x03,0x72,0x72,0x72,0x72,0x72,0x03,0x03,0x72,0x72,0x72,0x03,0x03,0x72,0x72,0x72,0x72,0x72,0x72,0x72,0x03,0x03,0x72,0x03,0x03,0x6c,0x6c,0x6c,
    0x03,0x03,0x72,0x03,0x03,0x72,0x72,0x72,0x03,0x03,0x72,0x03,0x03,0x72,0x72,0x72,0x72,0x72,0x03,0x03,0x72,0x72,0x72,0x72,0x72,0x72,0x72,0x72,0x72,0x72,0x72,0x72,
    0x72,0x72,0x72,0x72,0x72,0x72,0x72,0x72,0x72,0x72,0x72,0x72,0x72,0x72,0x72,0x72,0x72,0x72,0x72,0x72,0x72,0x72,0x72,0x72,0x72,0x72,0x72,0x72,0x72,0x50,0x50,0x50,
    0x50,0x03,0x03,0x9d,0x9d,0x9d,0x72,0x72,0x72,0x72,0x72,0x72,0x72,0x72,0x72,0x72,0x72,0x72,0x72,0x72,0x72,0x72,0x72,0x72,0x72,0x72,0x72,0x72,0x72,0x72,0x72,0x72,
    0x72,0x72,0x72,0x72,0x72,0x72,0x72,0x72,0x72,0x72,0x72,0x72,0x72,0x72,0x72,0x72,0x03,0x03,0x72,0x72,0x72,0x72,0x72,0x72,0x72,0x03,0x03,0x72,0x72,0x72,0x72,0x03,
    0x03,0x72,0x72,0x03,0x03,0x72,0x72,0x72,0x72,0x72,0x03,0x03,0x72,0x72,0x72,0x03,0x03,0x72,0x72,0x72,0x72,0x72,0x03,0x72,0x03,0x03,0x72,0x03,0x03,0x03,0x03,0x03,
    0x03,0x03,0x72,0x72,0x72,0x72,0x03,0x03,0x03,0x03,0x72,0x03,0x03,0x72,0x72,0x72,0x72,0x72,0x03,0x03,0x72,0x72,0x72,0x72,0x72,0x72,0x72,0x72,0x72,0x72,0x72,0x72,
    0x72,0x72,0x72,0x72,0x72,0x72,0x72,0x72,0x72,0x72,0x72,0x72,0x72,0x72,0x72,0x72,0x72,0x72,0x72,0x72,0x72,0x72,0x72,0x72,0x72,0x72,0x72,0x72,0x72,0x50,0x50,0x50,
    0x50,0x03,0x03,0x9d,0x9d,0x9d,0x72,0x72,0x72,0x72,0x72,0x72,0x72,0x72,0x72,0x72,0x72,0x72,0x72,0x72,0x72,0x72,0x72,0x72,0x72,0x72,0x72,0x72,0x72,0x72,0x72,0x72,
    0x72,0x72,0x72,0x72,0x72,0x72,0x72,0x72,0x72,0x72,0x72,0x72,0x72,0x72,0x72,0x72,0x03,0x03,0x72,0x72,0x72,0x72,0x72,0x72,0x03,0x03,0x03,0x03,0x72,0x72,0x72,0x03,
    0x03,0x72,0x72,0x03,0x03,0x72,0x72,0x72,0x72,0x72,0x03,0x03,0x72,0x72,0x72,0x03,0x03,0x72,0x72,0x72,0x72,0x72,0x03,0x72,0x03,0x03,0x72,0x03,0x03,0x72,0x72,0x72,
    0x72,0x72,0x72,0x03,0x03,0x03,0x6c,0x6c,0x03,0x03,0x72,0x03,0x03,0x72,0x72,0x72,0x72,0x72,0x03,0x03,0x72,0x72,0x72,0x72,0x72,0x72,0x72,0x72,0x72,0x72,0x72,0x72,
    0x72,0x72,0x72,0x72,0x72,0x72,0x72,0x72,0x72,0x72,0x72,0x72,0x72,0x72,0x72,0x72,0x72,0x72,0x72,0x72,0x72,0x72,0x72,0x72,0x72,0x72,0x72,0x72,0x72,0x50,0x50,0x50,
    0x50,0x03,0x03,0x9d,0x9d,0x9d,0x72,0x72,0x72,0x72,0x72,0x72,0x72,0x72,0x72,0x72,0x72,0x72,0x72,0x72,0x72,0x72,0x72,0x72,0x72,0x72,0x72,0x72,0x72,0x72,0x72,0x72,
    0x72,0x72,0x72,0x72,0x72,0x72,0x72,0x72,0x72,0x72,0x72,0x72,0x72,0x72,0x72,0x72,0x03,0x03,0x72,0x72,0x72,0x72,0x72,0x03,0x03,0x72,0x72,0x03,0x03,0x72,0x72,0x03,
    0x03,0x72,0x72,0x03,0x03,0x72,0x72,0x72,0x72,0x72,0x03,0x03,0x72,0x72,0x72,0x72,0x03,0x03,0x72,0x72,0x72,0x03,0x03,0x72,0x03,0x03,0x72,0x72,0x03,0x03,0x72,0x72,
    0x03,0x03,0x72,0x03,0x03,0x6c,0x6c,0x6c,0x03,0x03,0x72,0x03,0x03,0x72,0x72,0x72,0x72,0x72,0x03,0x03,0x72,0x72,0x72,0x72,0x72,0x72,0x72,0x72,0x72,0x72,0x72,0x72,
    0x72,0x72,0x72,0x72,0x72,0x72,0x72,0x72,0x72,0x72,0x72,0x72,0x72,0x72,0x72,0x72,0x72,0x72,0x72,0x72,0x72,0x72,0x72,0x72,0x72,0x72,0x72,0x72,0x72,0x50,0x50,0x50,
    0x50,0x03,0x03,0x9d,0x9d,0x9d,0x72,0x72,0x72,0x72,0x72,0x72,0x72,0x72,0x72,0x72,0x72,0x72,0x72,0x72,0x72,0x72,0x72,0x72,0x72,0x72,0x72,0x72,0x72,0x72,0x72,0x72,
    0x72,0x72,0x72,0x72,0x72,0x72,0x72,0x72,0x72,0x72,0x72,0x72,0x72,0x72,0x72,0x72,0x03,0x03,0x03,0x03,0x03,0x03,0x03,0x03,0x03,0x72,0x72,0x03,0x03,0x72,0x72,0x03,
    0x03,0x72,0x72,0x72,0x03,0x03,0x03,0x72,0x72,0x72,0x03,0x03,0x72,0x72,0x72,0x72,0x72,0x03,0x03,0x03,0x03,0x03,0x72,0x72,0x03,0x03,0x72,0x72,0x72,0x03,0x03,0x03,
    0x03,0x72,0x72,0x72,0x03,0x03,0x03,0x03,0x03,0x03,0x72,0x03,0x03,0x72,0x72,0x72,0x72,0x72,0x03,0x03,0x72,0x72,0x72,0x72,0x72,0x72,0x72,0x72,0x72,0x72,0x72,0x72,
    0x72,0x72,0x72,0x72,0x72,0x72,0x72,0x72,0x72,0x72,0x72,0x72,0x72,0x72,0x72,0x72,0x72,0x72,0x72,0x72,0x72,0x72,0x72,0x72,0x72,0x72,0x72,0x72,0x72,0x50,0x50,0x50,
    0x50,0x03,0x03,0x9d,0x9d,0x9d,0x72,0x72,0x72,0x72,0x72,0x72,0x72,0x72,0x72,0x72,0x72,0x72,0x72,0x72,0x72,0x72,0x72,0x72,0x72,0x72,0x72,0x72,0x72,0x72,0x72,0x72,
    0x72,0x72,0x72,0x72,0x72,0x72,0x72,0x72,0x72,0x72,0x72,0x72,0x72,0x72,0x72,0x72,0x72,0x72,0x72,0x72,0x72,0x72,0x72,0x72,0x72,0x72,0x72,0x72,0x72,0x72,0x72,0x72,
    0x72,0x72,0x72,0x72,0x72,0x72,0x72,0x72,0x72,0x72,0x03,0x03,0x72,0x72,0x72,0x72,0x72,0x72,0x72,0x72,0x72,0x72,0x72,0x72,0x72,0x72,0x72,0x72,0x72,0x72,0x72,0x72,
    0x72,0x72,0x72,0x72,0x72,0x72,0x72,0x72,0x72,0x72,0x72,0x72,0x72,0x72,0x72,0x72,0x72,0x72,0x03,0x03,0x72,0x72,0x72,0x72,0x72,0x72,0x72,0x72,0x72,0x72,0x72,0x72,
    0x72,0x72,0x72,0x72,0x72,0x72,0x72,0x72,0x72,0x72,0x72,0x72,0x72,0x72,0x72,0x72,0x72,0x72,0x72,0x72,0x72,0x72,0x72,0x72,0x72,0x72,0x72,0x72,0x72,0x50,0x50,0x50,
    0x50,0x03,0x03,0x9d,0x9d,0x9d,0x72,0x72,0x72,0x72,0x72,0x72,0x72,0x72,0x72,0x72,0x72,0x72,0x72,0x72,0x72,0x72,0x72,0x72,0x72,0x72,0x72,0x72,0x72,0x72,0x72,0x72,
    0x72,0x72,0x72,0x72,0x72,0x72,0x72,0x72,0x72,0x72,0x72,0x72,0x72,0x72,0x72,0x72,0x72,0x72,0x72,0x72,0x72,0x72,0x72,0x72,0x72,0x72,0x72,0x72,0x72,0x72,0x72,0x72,
    0x72,0x72,0x72,0x72,0x72,0x72,0x72,0x72,0x72,0x72,0x03,0x03,0x03,0x03,0x72,0x72,0x72,0x72,0x72,0x72,0x72,0x72,0x72,0x72,0x72,0x72,0x72,0x72,0x72,0x72,0x72,0x72,
    0x72,0x72,0x72,0x72,0x72,0x72,0x72,0x72,0x72,0x72,0x72,0x72,0x72,0x72,0x72,0x72,0x03,0x03,0x03,0x03,0x72,0x72,0x72,0x72,0x72,0x72,0x72,0x72,0x72,0x72,0x72,0x72,
    0x72,0x72,0x72,0x72,0x72,0x72,0x72,0x72,0x72,0x72,0x72,0x72,0x72,0x72,0x72,0x72,0x72,0x72,0x72,0x72,0x72,0x72,0x72,0x72,0x72,0x72,0x72,0x72,0x72,0x50,0x50,0x50,
    0x50,0x03,0x03,0x9d,0x9d,0x9d,0x72,0x72,0x72,0x72,0x72,0x72,0x72,0x72,0x72,0x72,0x72,0x72,0x72,0x72,0x72,0x72,0x72,0x72,0x72,0x72,0x72,0x72,0x72,0x72,0x72,0x72,
    0x72,0x72,0x72,0x72,0x72,0x72,0x72,0x72,0x72,0x72,0x72,0x72,0x72,0x72,0x72,0x72,0x72,0x72,0x72,0x72,0x72,0x72,0x72,0x72,0x72,0x72,0x72,0x72,0x72,0x72,0x72,0x72,
    0x72,0x72,0x72,0x72,0x72,0x72,0x72,0x72,0x72,0x72,0x72,0x72,0x72,0x72,0x72,0x72,0x72,0x72,0x72,0x72,0x72,0x72,0x72,0x72,0x72,0x72,0x72,0x72,0x72,0x72,0x72,0x72,
    0x72,0x72,0x72,0x72,0x72,0x72,0x72,0x72,0x72,0x72,0x72,0x72,0x72,0x72,0x72,0x72,0x72,0x72,0x72,0x72,0x72,0x72,0x72,0x72,0x72,0x72,0x72,0x72,0x72,0x72,0x72,0x72,
    0x72,0x72,0x72,0x72,0x72,0x72,0x72,0x72,0x72,0x72,0x72,0x72,0x72,0x72,0x72,0x72,0x72,0x72,0x72,0x72,0x72,0x72,0x72,0x72,0x72,0x72,0x72,0x72,0x72,0x50,0x50,0x50,
    0x50,0x03,0x03,0x9d,0x9d,0x9d,0x72,0x72,0x72,0x72,0x72,0x72,0x72,0x72,0x72,0x72,0x72,0x72,0x72,0x72,0x72,0x72,0x72,0x72,0x72,0x72,0x72,0x72,0x72,0x72,0x72,0x72,
    0x72,0x72,0x72,0x72,0x72,0x72,0x72,0x72,0x72,0x72,0x72,0x72,0x72,0x72,0x72,0x72,0x72,0x72,0x72,0x72,0x72,0x72,0x72,0x72,0x72,0x72,0x72,0x72,0x72,0x72,0x72,0x72,
    0x72,0x72,0x72,0x72,0x72,0x72,0x72,0x72,0x72,0x72,0x72,0x72,0x72,0x72,0x72,0x72,0x72,0x72,0x72,0x72,0x72,0x72,0x72,0x72,0x72,0x72,0x72,0x72,0x72,0x72,0x72,0x72,
    0x72,0x72,0x72,0x72,0x72,0x72,0x72,0x72,0x72,0x72,0x72,0x72,0x72,0x72,0x72,0x72,0x72,0x72,0x72,0x72,0x72,0x72,0x72,0x72,0x72,0x72,0x72,0x72,0x72,0x72,0x72,0x72,
    0x72,0x72,0x72,0x72,0x72,0x72,0x72,0x72,0x72,0x72,0x72,0x72,0x72,0x72,0x72,0x72,0x72,0x72,0x72,0x72,0x72,0x72,0x72,0x72,0x72,0x72,0x72,0x72,0x72,0x50,0x50,0x50,
    0x50,0x03,0x03,0x9d,0x9d,0x9d,0x72,0x72,0x72,0x72,0x72,0x72,0x72,0x72,0x72,0x72,0x72,0x72,0x72,0x72,0x72,0x72,0x72,0x72,0x72,0x72,0x72,0x72,0x72,0x72,0x72,0x72,
    0x72,0x72,0x72,0x72,0x72,0x72,0x72,0x72,0x72,0x72,0x72,0x72,0x72,0x72,0x72,0x72,0x72,0x72,0x72,0x72,0x72,0x72,0x72,0x72,0x72,0x72,0x72,0x72,0x72,0x72,0x72,0x72,
    0x72,0x72,0x72,0x72,0x72,0x72,0x72,0x72,0x72,0x72,0x72,0x72,0x72,0x72,0x72,0x72,0x72,0x72,0x72,0x72,0x72,0x72,0x72,0x72,0x72,0x72,0x72,0x72,0x72,0x72,0x72,0x72,
    0x72,0x72,0x72,0x72,0x72,0x72,0x72,0x72,0x72,0x72,0x72,0x72,0x72,0x72,0x72,0x72,0x72,0x72,0x72,0x72,0x72,0x72,0x72,0x72,0x72,0x72,0x72,0x72,0x72,0x72,0x72,0x72,
    0x72,0x72,0x72,0x72,0x72,0x72,0x72,0x72,0x72,0x72,0x72,0x72,0x72,0x72,0x72,0x72,0x72,0x72,0x72,0x72,0x72,0x72,0x72,0x72,0x72,0x72,0x72,0x72,0x72,0x50,0x50,0x50,
    0x50,0x03,0x03,0x9d,0x9d,0x9d,0x72,0x72,0x72,0x72,0x72,0x72,0x03,0x03,0x03,0x03,0x03,0x72,0x72,0x72,0x03,0x03,0x72,0x72,0x72,0x72,0x72,0x72,0x72,0x72,0x72,0x72,
    0x72,0x72,0x72,0x72,0x72,0x72,0x72,0x72,0x72,0x72,0x72,0x72,0x72,0x72,0x72,0x72,0x72,0x72,0x72,0x72,0x72,0x72,0x72,0x72,0x72,0x72,0x72,0x72,0x72,0x72,0x72,0x03,
    0x03,0x03,0x03,0x03,0x03,0x03,0x72,0x72,0x72,0x72,0x72,0x72,0x72,0x72,0x72,0x72,0x72,0x03,0x03,0x72,0x72,0x72,0x72,0x72,0x72,0x03,0x03,0x03,0x03,0x72,0x03,0x03,
    0x72,0x72,0x72,0x72,0x03,0x03,0x72,0x72,0x72,0x72,0x72,0x72,0x72,0x72,0x72,0x72,0x72,0x03,0x03,0x72,0x03,0x03,0x03,0x03,0x03,0x03,0x72,0x72,0x72,0x72,0x72,0x72,
    0x72,0x72,0x72,0x72,0x72,0x72,0x72,0x72,0x72,0x72,0x72,0x72,0x72,0x72,0x72,0x72,0x72,0x72,0x72,0x72,0x72,0x72,0x72,0x72,0x03,0x03,0x03,0x03,0x72,0x50,0x50,0x50,
    0x50,0x03,0x03,0x9d,0x9d,0x9d,0x72,0x72,0x72,0x72,0x72,0x03,0x03,0x72,0x72,0x72,0x03,0x03,0x72,0x72,0x03,0x03,0x72,0x72,0x72,0x72,0x72,0x72,0x72,0x72,0x72,0x72,
    0x72,0x72,0x72,0x72,0x72,0x72,0x72,0x72,0x72,0x72,0x72,0x72,0x72,0x72,0x72,0x72,0x72,0x72,0x72,0x72,0x72,0x72,0x72,0x72,0x72,0x72,0x72,0x72,0x72,0x72,0x72,0x03,
    0x03,0x6c,0x6c,0x6c,0x03,0x03,0x72,0x72,0x72,0x72,0x72,0x72,0x72,0x72,0x72,0x72,0x72,0x03,0x03,0x72,0x72,0x72,0x72,0x72,0x72,0x03,0x03,0x72,0x72,0x72,0x03,0x03,
    0x72,0x72,0x72,0x72,0x03,0x03,0x72,0x72,0x72,0x72,0x72,0x72,0x72,0x72,0x72,0x72,0x72,0x03,0x03,0x72,0x03,0x03,0x6c,0x6c,0x6c,0x03,0x03,0x72,0x72,0x72,0x72,0x72,
    0x72,0x72,0x72,0x72,0x72,0x72,0x72,0x72,0x72,0x72,0x72,0x72,0x72,0x72,0x72,0x72,0x72,0x72,0x72,0x72,0x72,0x72,0x72,0x72,0x72,0x72,0x03,0x03,0x72,0x50,0x50,0x50,
    0x50,0x03,0x03,0x9d,0x9d,0x9d,0x72,0x72,0x72,0x72,0x03,0x03,0x72,0x72,0x72,0x72,0x72,0x03,0x72,0x72,0x03,0x03,0x03,0x03,0x03,0x72,0x72,0x72,0x03,0x03,0x03,0x03,
    0x03,0x72,0x72,0x72,0x03,0x03,0x03,0x03,0x03,0x72,0x72,0x72,0x03,0x03,0x03,0x03,0x03,0x03,0x72,0x72,0x72,0x03,0x03,0x03,0x72,0x72,0x72,0x72,0x72,0x72,0x72,0x03,
    0x03,0x6c,0x6c,0x6c,0x6c,0x03,0x03,0x72,0x72,0x72,0x03,0x03,0x03,0x72,0x72,0x72,0x03,0x03,0x03,0x03,0x72,0x72,0x72,0x72,0x72,0x03,0x03,0x72,0x72,0x72,0x03,0x03,
    0x72,0x72,0x72,0x72,0x03,0x03,0x72,0x72,0x03,0x03,0x03,0x03,0x03,0x03,0x72,0x72,0x72,0x03,0x72,0x72,0x03,0x03,0x6c,0x6c,0x6c,0x6c,0x03,0x03,0x72,0x72,0x72,0x03,
    0x03,0x03,0x03,0x72,0x72,0x03,0x72,0x72,0x72,0x03,0x03,0x72,0x72,0x72,0x03,0x72,0x72,0x03,0x03,0x03,0x03,0x03,0x72,0x72,0x72,0x72,0x03,0x03,0x72,0x50,0x50,0x50,
    0x50,0x03,0x03,0x9d,0x9d,0x9d,0x72,0x72,0x72,0x72,0x03,0x03,0x72,0x72,0x72,0x72,0x72,0x72,0x72,0x72,0x03,0x03,0x72,0x72,0x03,0x03,0x72,0x72,0x03,0x72,0x72,0x72,
    0x03,0x03,0x72,0x72,0x03,0x03,0x72,0x72,0x03,0x03,0x72,0x03,0x03,0x03,0x6c,0x03,0x03,0x03,0x72,0x72,0x03,0x03,0x6c,0x6c,0x03,0x72,0x72,0x72,0x72,0x72,0x72,0x03,
    0x03,0x6c,0x6c,0x6c,0x03,0x03,0x72,0x72,0x72,0x03,0x03,0x6c,0x6c,0x03,0x72,0x72,0x72,0x03,0x03,0x72,0x72,0x72,0x72,0x72,0x72,0x03,0x03,0x72,0x72,0x72,0x03,0x03,
    0x72,0x72,0x72,0x72,0x03,0x03,0x72,0x72,0x03,0x03,0x03,0x6c,0x03,0x03,0x03,0x72,0x72,0x03,0x72,0x72,0x03,0x03,0x6c,0x6c,0x6c,0x6c,0x03,0x03,0x72,0x72,0x03,0x03,
    0x6c,0x6c,0x03,0x03,0x72,0x03,0x03,0x72,0x72,0x03,0x03,0x72,0x72,0x03,0x03,0x72,0x72,0x03,0x03,0x72,0x72,0x03,0x03,0x72,0x72,0x72,0x03,0x03,0x72,0x50,0x50,0x50,
    0x50,0x03,0x03,0x9d,0x9d,0x9d,0x72,0x72,0x72,0x72,0x03,0x03,0x72,0x72,0x72,0x72,0x72,0x72,0x72,0x72,0x03,0x03,0x72,0x72,0x03,0x03,0x72,0x03,0x03,0x72,0x72,0x72,
    0x03,0x03,0x72,0x72,0x03,0x03,0x72,0x72,0x03,0x03,0x72,0x03,0x03,0x6c,0x6c,0x6c,0x03,0x03,0x72,0x03,0x03,0x6c,0x6c,0x6c,0x03,0x03,0x72,0x72,0x72,0x72,0x72,0x03,
    0x03,0x03,0x03,0x03,0x03,0x72,0x72,0x72,0x03,0x03,0x6c,0x6c,0x6c,0x03,0x03,0x72,0x72,0x03,0x03,0x72,0x72,0x72,0x72,0x72,0x72,0x03,0x03,0x72,0x72,0x72,0x03,0x03,
    0x72,0x72,0x72,0x72,0x03,0x03,0x72,0x72,0x03,0x03,0x6c,0x6c,0x6c,0x03,0x03,0x72,0x03,0x03,0x72,0x72,0x03,0x03,0x6c,0x6c,0x6c,0x6c,0x03,0x03,0x72,0x03,0x03,0x6c,
    0x6c,0x6c,0x6c,0x03,0x03,0x72,0x03,0x72,0x72,0x03,0x03,0x72,0x72,0x03,0x72,0x72,0x72,0x03,0x03,0x72,0x72,0x03,0x03,0x72,0x72,0x72,0x03,0x03,0x72,0x50,0x50,0x50,
    0x50,0x03,0x03,0x9d,0x9d,0x9d,0x72,0x72,0x72,0x72,0x03,0x03,0x72,0x72,0x72,0x72,0x72,0x03,0x72,0x72,0x03,0x03,0x72,0x72,0x03,0x03,0x72,0x72,0x72,0x72,0x03,0x03,
    0x03,0x03,0x72,0x72,0x03,0x03,0x72,0x72,0x03,0x03,0x72,0x03,0x03,0x6c,0x6c,0x6c,0x03,0x03,0x72,0x03,0x03,0x03,0x03,0x03,0x03,0x03,0x72,0x72,0x72,0x72,0x72,0x03,
    0x03,0x6c,0x6c,0x6c,0x6c,0x03,0x03,0x72,0x03,0x03,0x03,0x03,0x03,0x03,0x03,0x72,0x72,0x03,0x03,0x72,0x72,0x72,0x72,0x72,0x72,0x03,0x03,0x72,0x72,0x72,0x03,0x03,
    0x72,0x72,0x72,0x72,0x03,0x03,0x72,0x72,0x03,0x03,0x6c,0x6c,0x6c,0x03,0x03,0x72,0x03,0x72,0x72,0x72,0x03,0x03,0x6c,0x6c,0x6c,0x6c,0x03,0x03,0x72,0x03,0x03,0x6c,
    0x6c,0x6c,0x6c,0x03,0x03,0x72,0x03,0x72,0x03,0x03,0x03,0x03,0x72,0x03,0x72,0x72,0x72,0x03,0x03,0x72,0x72,0x03,0x03,0x72,0x72,0x72,0x03,0x03,0x72,0x50,0x50,0x50,
    0x50,0x03,0x03,0x9d,0x9d,0x9d,0x72,0x72,0x72,0x72,0x03,0x03,0x72,0x72,0x72,0x72,0x72,0x03,0x72,0x72,0x03,0x03,0x72,0x72,0x03,0x03,0x72,0x03,0x03,0x03,0x6c,0x6c,
    0x03,0x03,0x72,0x72,0x03,0x03,0x72,0x72,0x03,0x03,0x72,0x03,0x03,0x6c,0x6c,0x6c,0x03,0x03,0x72,0x03,0x03,0x72,0x72,0x72,0x72,0x72,0x72,0x72,0x72,0x72,0x72,0x03,
    0x03,0x6c,0x6c,0x6c,0x6c,0x03,0x03,0x72,0x03,0x03,0x72,0x72,0x72,0x72,0x72,0x72,0x72,0x03,0x03,0x72,0x72,0x72,0x72,0x72,0x72,0x03,0x03,0x72,0x72,0x72,0x03,0x03,
    0x72,0x72,0x72,0x72,0x03,0x03,0x72,0x72,0x03,0x03,0x6c,0x6c,0x6c,0x03,0x03,0x72,0x03,0x72,0x72,0x72,0x03,0x03,0x6c,0x6c,0x6c,0x6c,0x03,0x03,0x72,0x03,0x03,0x6c,
    0x6c,0x6c,0x6c,0x03,0x03,0x72,0x03,0x03,0x03,0x72,0x72,0x03,0x03,0x03,0x72,0x72,0x72,0x03,0x03,0x72,0x72,0x03,0x03,0x72,0x72,0x72,0x03,0x03,0x72,0x50,0x50,0x50,
    0x50,0x03,0x03,0x9d,0x9d,0x9d,0x72,0x72,0x72,0x72,0x72,0x03,0x03,0x72,0x72,0x72,0x03,0x03,0x72,0x72,0x03,0x03,0x72,0x72,0x03,0x03,0x72,0x03,0x03,0x6c,0x6c,0x6c,
    0x03,0x03,0x72,0x72,0x03,0x03,0x72,0x72,0x03,0x03,0x72,0x03,0x03,0x03,0x6c,0x03,0x03,0x03,0x72,0x72,0x03,0x03,0x72,0x72,0x03,0x03,0x72,0x72,0x72,0x72,0x72,0x03,
    0x03,0x6c,0x6c,0x6c,0x6c,0x03,0x03,0x72,0x72,0x03,0x03,0x72,0x72,0x03,0x03,0x72,0x72,0x03,0x03,0x72,0x72,0x72,0x72,0x72,0x72,0x03,0x03,0x72,0x72,0x72,0x03,0x03,
    0x03,0x72,0x72,0x03,0x03,0x03,0x72,0x72,0x03,0x03,0x03,0x6c,0x03,0x03,0x03,0x03,0x03,0x72,0x72,0x72,0x03,0x03,0x6c,0x6c,0x6c,0x03,0x03,0x72,0x72,0x72,0x03,0x03,
    0x6c,0x6c,0x03,0x03,0x72,0x72,0x72,0x03,0x03,0x72,0x72,0x03,0x03,0x72,0x72,0x72,0x72,0x03,0x03,0x72,0x72,0x03,0x03,0x72,0x72,0x72,0x03,0x03,0x72,0x50,0x50,0x50,
    0x50,0x03,0x03,0x9d,0x9d,0x9d,0x72,0x72,0x72,0x72,0x72,0x72,0x03,0x03,0x03,0x03,0x03,0x72,0x72,0x72,0x03,0x03,0x72,0x72,0x03,0x03,0x72,0x72,0x03,0x03,0x03,0x03,
    0x03,0x03,0x72,0x72,0x03,0x03,0x72,0x72,0x03,0x03,0x72,0x72,0x03,0x03,0x03,0x03,0x03,0x03,0x72,0x72,0x72,0x03,0x03,0x03,0x03,0x72,0x72,0x72,0x72,0x72,0x72,0x03,
    0x03,0x03,0x03,0x03,0x03,0x03,0x72,0x72,0x72,0x72,0x03,0x03,0x03,0x03,0x72,0x72,0x72,0x72,0x03,0x03,0x03,0x72,0x72,0x72,0x72,0x03,0x03,0x72,0x72,0x72,0x72,0x72,
    0x03,0x03,0x03,0x03,0x03,0x72,0x72,0x72,0x03,0x03,0x03,0x03,0x03,0x03,0x72,0x03,0x03,0x72,0x72,0x72,0x03,0x03,0x03,0x03,0x03,0x03,0x72,0x72,0x72,0x72,0x72,0x03,
    0x03,0x03,0x03,0x72,0x72,0x72,0x72,0x03,0x03,0x72,0x72,0x03,0x03,0x72,0x72,0x72,0x72,0x03,0x03,0x72,0x72,0x03,0x03,0x72,0x72,0x72,0x03,0x03,0x72,0x50,0x50,0x50,
    0x50,0x03,0x03,0x9d,0x9d,0x9d,0x72,0x72,0x72,0x72,0x72,0x72,0x72,0x72,0x72,0x72,0x72,0x72,0x72,0x72,0x72,0x72,0x72,0x72,0x72,0x72,0x72,0x72,0x72,0x72,0x72,0x72,
    0x72,0x72,0x72,0x72,0x72,0x72,0x72,0x72,0x72,0x72,0x72,0x03,0x03,0x6c,0x6c,0x6c,0x03,0x03,0x72,0x72,0x72,0x72,0x72,0x72,0x72,0x72,0x72,0x72,0x72,0x72,0x72,0x72,
    0x72,0x72,0x72,0x72,0x72,0x72,0x72,0x72,0x72,0x72,0x72,0x72,0x72,0x72,0x72,0x72,0x72,0x72,0x72,0x72,0x72,0x72,0x72,0x72,0x72,0x03,0x03,0x72,0x72,0x72,0x72,0x72,
    0x72,0x72,0x72,0x72,0x72,0x72,0x72,0x72,0x03,0x03,0x72,0x72,0x72,0x72,0x72,0x72,0x72,0x72,0x72,0x72,0x72,0x72,0x72,0x72,0x72,0x72,0x72,0x72,0x72,0x72,0x72,0x72,
    0x72,0x72,0x72,0x72,0x72,0x72,0x72,0x72,0x72,0x72,0x72,0x72,0x72,0x72,0x72,0x72,0x72,0x72,0x72,0x72,0x72,0x72,0x72,0x72,0x72,0x72,0x03,0x03,0x72,0x50,0x50,0x50,
    0x50,0x03,0x03,0x9d,0x9d,0x9d,0x72,0x72,0x72,0x72,0x72,0x72,0x72,0x72,0x72,0x72,0x72,0x72,0x72,0x72,0x72,0x72,0x72,0x72,0x72,0x72,0x72,0x72,0x72,0x72,0x72,0x72,
    0x72,0x72,0x72,0x72,0x72,0x72,0x72,0x72,0x72,0x72,0x72,0x03,0x03,0x6c,0x6c,0x6c,0x03,0x03,0x72,0x72,0x72,0x72,0x72,0x72,0x72,0x72,0x72,0x72,0x72,0x72,0x72,0x72,
    0x72,0x72,0x72,0x72,0x72,0x72,0x72,0x72,0x72,0x72,0x72,0x72,0x72,0x72,0x72,0x72,0x72,0x72,0x72,0x72,0x72,0x72,0x72,0x72,0x72,0x03,0x03,0x03,0x03,0x72,0x72,0x72,
    0x72,0x72,0x72,0x72,0x72,0x72,0x72,0x72,0x03,0x03,0x72,0x72,0x72,0x72,0x72,0x72,0x72,0x72,0x72,0x72,0x72,0x72,0x72,0x72,0x72,0x72,0x72,0x72,0x72,0x72,0x72,0x72,
    0x72,0x72,0x72,0x72,0x72,0x72,0x72,0x72,0x72,0x72,0x72,0x72,0x72,0x72,0x72,0x72,0x72,0x72,0x72,0x72,0x72,0x72,0x72,0x72,0x03,0x03,0x03,0x03,0x72,0x50,0x50,0x50,
    0x50,0x03,0x03,0x9d,0x9d,0x9d,0x72,0x72,0x72,0x72,0x72,0x72,0x72,0x72,0x72,0x72,0x72,0x72,0x72,0x72,0x72,0x72,0x72,0x72,0x72,0x72,0x72,0x72,0x72,0x72,0x72,0x72,
    0x72,0x72,0x72,0x72,0x72,0x72,0x72,0x72,0x72,0x72,0x72,0x72,0x03,0x03,0x03,0x03,0x03,0x72,0x72,0x72,0x72,0x72,0x72,0x72,0x72,0x72,0x72,0x72,0x72,0x72,0x72,0x72,
    0x72,0x72,0x72,0x72,0x72,0x72,0x72,0x72,0x72,0x72,0x72,0x72,0x72,0x72,0x72,0x72,0x72,0x72,0x72,0x72,0x72,0x72,0x72,0x72,0x72,0x72,0x72,0x72,0x72,0x72,0x72,0x72,
    0x72,0x72,0x72,0x72,0x72,0x72,0x72,0x72,0x03,0x03,0x72,0x72,0x72,0x72,0x72,0x72,0x72,0x72,0x72,0x72,0x72,0x72,0x72,0x72,0x72,0x72,0x72,0x72,0x72,0x72,0x72,0x72,
    0x72,0x72,0x72,0x72,0x72,0x72,0x72,0x72,0x72,0x72,0x72,0x72,0x72,0x72,0x72,0x72,0x72,0x72,0x72,0x72,0x72,0x72,0x72,0x72,0x72,0x72,0x72,0x72,0x72,0x50,0x50,0x50,
    0x50,0x03,0x03,0x9d,0x9d,0x9d,0x72,0x72,0x72,0x72,0x72,0x72,0x72,0x72,0x72,0x72,0x72,0x72,0x72,0x72,0x72,0x72,0x72,0x72,0x72,0x72,0x72,0x72,0x72,0x72,0x72,0x72,
    0x72,0x72,0x72,0x72,0x72,0x72,0x72,0x72,0x72,0x72,0x72,0x72,0x72,0x72,0x72,0x72,0x72,0x72,0x72,0x72,0x72,0x72,0x72,0x72,0x72,0x72,0x72,0x72,0x72,0x72,0x72,0x72,
    0x72,0x72,0x72,0x72,0x72,0x72,0x72,0x72,0x72,0x72,0x72,0x72,0x72,0x72,0x72,0x72,0x72,0x72,0x72,0x72,0x72,0x72,0x72,0x72,0x72,0x72,0x72,0x72,0x72,0x72,0x72,0x72,
    0x72,0x72,0x72,0x72,0x72,0x72,0x72,0x72,0x72,0x72,0x72,0x72,0x72,0x72,0x72,0x72,0x72,0x72,0x72,0x72,0x72,0x72,0x72,0x72,0x72,0x72,0x72,0x72,0x72,0x72,0x72,0x72,
    0x72,0x72,0x72,0x72,0x72,0x72,0x72,0x72,0x72,0x72,0x72,0x72,0x72,0x72,0x72,0x72,0x72,0x72,0x72,0x72,0x72,0x72,0x72,0x72,0x72,0x72,0x72,0x72,0x72,0x50,0x50,0x50,
    0x50,0x03,0x03,0x9d,0x9d,0x9d,0x50,0x50,0x50,0x50,0x50,0x50,0x50,0x50,0x50,0x50,0x50,0x50,0x50,0x50,0x50,0x50,0x50,0x50,0x50,0x50,0x50,0x50,0x50,0x50,0x50,0x50,
    0x50,0x50,0x50,0x50,0x50,0x50,0x50,0x50,0x50,0x50,0x50,0x50,0x50,0x50,0x50,0x50,0x50,0x50,0x50,0x50,0x50,0x50,0x50,0x50,0x50,0x50,0x50,0x50,0x50,0x50,0x50,0x50,
    0x50,0x50,0x50,0x50,0x50,0x50,0x50,0x50,0x50,0x50,0x50,0x50,0x50,0x50,0x50,0x50,0x50,0x50,0x50,0x50,0x50,0x50,0x50,0x50,0x50,0x50,0x50,0x50,0x50,0x50,0x50,0x50,
    0x50,0x50,0x50,0x50,0x50,0x50,0x50,0x50,0x50,0x50,0x50,0x50,0x50,0x50,0x50,0x50,0x50,0x50,0x50,0x50,0x50,0x50,0x50,0x50,0x50,0x50,0x50,0x50,0x50,0x50,0x50,0x50,
    0x50,0x50,0x50,0x50,0x50,0x50,0x50,0x50,0x50,0x50,0x50,0x50,0x50,0x50,0x50,0x50,0x50,0x50,0x50,0x50,0x50,0x50,0x50,0x50,0x50,0x50,0x50,0x50,0x50,0x50,0x50,0x50,
    0x50,0x03,0x03,0x9d,0x9d,0x50,0x50,0x50,0x50,0x50,0x50,0x50,0x50,0x50,0x50,0x50,0x50,0x50,0x50,0x50,0x50,0x50,0x50,0x50,0x50,0x50,0x50,0x50,0x50,0x50,0x50,0x50,
    0x50,0x50,0x50,0x50,0x50,0x50,0x50,0x50,0x50,0x50,0x50,0x50,0x50,0x50,0x50,0x50,0x50,0x50,0x50,0x50,0x50,0x50,0x50,0x50,0x50,0x50,0x50,0x50,0x50,0x50,0x50,0x50,
    0x50,0x50,0x50,0x50,0x50,0x50,0x50,0x50,0x50,0x50,0x50,0x50,0x50,0x50,0x50,0x50,0x50,0x50,0x50,0x50,0x50,0x50,0x50,0x50,0x50,0x50,0x50,0x50,0x50,0x50,0x50,0x50,
    0x50,0x50,0x50,0x50,0x50,0x50,0x50,0x50,0x50,0x50,0x50,0x50,0x50,0x50,0x50,0x50,0x50,0x50,0x50,0x50,0x50,0x50,0x50,0x50,0x50,0x50,0x50,0x50,0x50,0x50,0x50,0x50,
    0x50,0x50,0x50,0x50,0x50,0x50,0x50,0x50,0x50,0x50,0x50,0x50,0x50,0x50,0x50,0x50,0x50,0x50,0x50,0x50,0x50,0x50,0x50,0x50,0x50,0x50,0x50,0x50,0x50,0x50,0x50,0x50,
    0x50,0x03,0x03,0x9d,0x50,0x50,0x50,0x50,0x50,0x50,0x50,0x50,0x50,0x50,0x50,0x50,0x50,0x50,0x50,0x50,0x50,0x50,0x50,0x50,0x50,0x50,0x50,0x50,0x50,0x50,0x50,0x50,
    0x50,0x50,0x50,0x50,0x50,0x50,0x50,0x50,0x50,0x50,0x50,0x50,0x50,0x50,0x50,0x50,0x50,0x50,0x50,0x50,0x50,0x50,0x50,0x50,0x50,0x50,0x50,0x50,0x50,0x50,0x50,0x50,
    0x50,0x50,0x50,0x50,0x50,0x50,0x50,0x50,0x50,0x50,0x50,0x50,0x50,0x50,0x50,0x50,0x50,0x50,0x50,0x50,0x50,0x50,0x50,0x50,0x50,0x50,0x50,0x50,0x50,0x50,0x50,0x50,
    0x50,0x50,0x50,0x50,0x50,0x50,0x50,0x50,0x50,0x50,0x50,0x50,0x50,0x50,0x50,0x50,0x50,0x50,0x50,0x50,0x50,0x50,0x50,0x50,0x50,0x50,0x50,0x50,0x50,0x50,0x50,0x50,
    0x50,0x50,0x50,0x50,0x50,0x50,0x50,0x50,0x50,0x50,0x50,0x50,0x50,0x50,0x50,0x50,0x50,0x50,0x50,0x50,0x50,0x50,0x50,0x50,0x50,0x50,0x50,0x50,0x50,0x50,0x50,0x50,
    0x50,0x03,0x03,0x03,0x03,0x03,0x03,0x03,0x03,0x03,0x03,0x03,0x03,0x03,0x03,0x03,0x03,0x03,0x03,0x03,0x03,0x03,0x03,0x03,0x03,0x03,0x03,0x03,0x03,0x03,0x03,0x03,
    0x03,0x03,0x03,0x03,0x03,0x03,0x03,0x03,0x03,0x03,0x03,0x03,0x03,0x03,0x03,0x03,0x03,0x03,0x03,0x03,0x03,0x03,0x03,0x03,0x03,0x03,0x03,0x03,0x03,0x03,0x03,0x03,
    0x03,0x03,0x03,0x03,0x03,0x03,0x03,0x03,0x03,0x03,0x03,0x03,0x03,0x03,0x03,0x03,0x03,0x03,0x03,0x03,0x03,0x03,0x03,0x03,0x03,0x03,0x03,0x03,0x03,0x03,0x03,0x03,
    0x03,0x03,0x03,0x03,0x03,0x03,0x03,0x03,0x03,0x03,0x03,0x03,0x03,0x03,0x03,0x03,0x03,0x03,0x03,0x03,0x03,0x03,0x03,0x03,0x03,0x03,0x03,0x03,0x03,0x03,0x03,0x03,
    0x03,0x03,0x03,0x03,0x03,0x03,0x03,0x03,0x03,0x03,0x03,0x03,0x03,0x03,0x03,0x03,0x03,0x03,0x03,0x03,0x03,0x03,0x03,0x03,0x03,0x03,0x03,0x03,0x03,0x03,0x03,0x03,
    0x03,0x03
};
